<?xml version="1.0" encoding="UTF-8"?>
<!-- Notices - Distribution Notice: 
           This document has been approved for Public Release and is available for use without restriction.
       --><cve:CVE xmlns:cve="urn:us:gov:ic:cve" xmlns:ddms="urn:us:mil:ces:metadata:ddms:5"
         xmlns="urn:us:gov:ic:cve"
         xmlns:ism="urn:us:gov:ic:ism"
         xmlns:xsi="http://www.w3.org/2001/XMLSchema-instance"
         ism:ownerProducer="USA"
         ism:classification="U"
         ism:DESVersion="10"
         ism:resourceElement="true"
         CVEVersion="1"
         ism:createDate="2011-09-01"
         xsi:schemaLocation="urn:us:gov:ic:cve ../Schema/CVEXml.xsd">
    
    <cve:IRM>
        <ddms:identifier ddms:qualifier="name"
                       ddms:value="urn:us:gov:ic:cvenum:ism:atomicEnergyMarkings"/>
        <ddms:title ism:ownerProducer="USA" ism:classification="U">CVEnumISMatomicEnergyMarkings</ddms:title>
        <ddms:description ism:ownerProducer="USA" ism:classification="U">All currently valid Atomic Energy information markings from the published register</ddms:description>
        
        <cve:Created>2011-02-04T00:22:00-04:00</cve:Created>
        
        <ddms:source ddms:value="CAPCO Register"/>
        <ddms:pointOfContact>
            <ddms:organization>
                <ddms:name>Office IC CIO</ddms:name>
                <ddms:email>datastandardssupport@ugov.gov</ddms:email>
            </ddms:organization>
        </ddms:pointOfContact>
    </cve:IRM>
    
    <cve:Enumeration multivalue="true" ism:ownerProducer="USA" ism:classification="U">
        
        <Term ism:classification="U" ism:ownerProducer="USA">
            <Value ism:classification="U" ism:ownerProducer="USA">RD</Value>
            <ddms:description ism:classification="U" ism:ownerProducer="USA">RESTRICTED DATA</ddms:description>
        </Term>
        <Term ism:classification="U" ism:ownerProducer="USA">
            <Value ism:classification="U" ism:ownerProducer="USA">RD-CNWDI</Value>
            <ddms:description ism:classification="U" ism:ownerProducer="USA">RD-CRITICAL NUCLEAR WEAPON DESIGN INFORMATION</ddms:description>
        </Term>
        <Term ism:classification="U" ism:ownerProducer="USA">
            <Value ism:classification="U" ism:ownerProducer="USA" regularExpression="true">RD-SG-((14)|(15)|(18)|(20))</Value>
            <ddms:description ism:classification="U" ism:ownerProducer="USA">RD-SIGMA-#, # represents the SIGMA number which may be 14, 15, 18, or 20.</ddms:description>
        </Term>
        <Term ism:classification="U" ism:ownerProducer="USA">
            <Value ism:classification="U" ism:ownerProducer="USA">FRD</Value>
            <ddms:description ism:classification="U" ism:ownerProducer="USA">FORMERLY RESTRICTED DATA</ddms:description>
        </Term>
        <Term ism:classification="U" ism:ownerProducer="USA">
            <Value ism:classification="U" ism:ownerProducer="USA" regularExpression="true">FRD-SG-((14)|(15)|(18)|(20))</Value>
            <ddms:description ism:classification="U" ism:ownerProducer="USA">FRD-SIGMA-#, # represents the SIGMA number which may be 14, 15, 18, or 20.</ddms:description>
        </Term>
        <Term ism:classification="U" ism:ownerProducer="USA">
            <Value ism:classification="U" ism:ownerProducer="USA">DCNI</Value>
            <ddms:description ism:classification="U" ism:ownerProducer="USA">DoD CONTROLLED NUCLEAR INFORMATION</ddms:description>
        </Term>
        <Term ism:classification="U" ism:ownerProducer="USA">
            <Value ism:classification="U" ism:ownerProducer="USA">UCNI</Value>
            <ddms:description ism:classification="U" ism:ownerProducer="USA">DoE CONTROLLED NUCLEAR INFORMATION</ddms:description>
        </Term>
        <Term ism:classification="U" ism:ownerProducer="USA">
            <Value ism:classification="U" ism:ownerProducer="USA">TFNI</Value>
            <ddms:description ism:classification="U" ism:ownerProducer="USA">TRANSCLASSIFIED FOREIGN NUCLEAR INFORMATION</ddms:description>
        </Term>
    </cve:Enumeration>
    
</cve:CVE>