<?xml version="1.0" encoding="UTF-8"?>
<!-- Notices - Distribution Notice: 
           This document has been approved for Public Release and is available for use without restriction.
       --><cve:CVE xmlns:cve="urn:us:gov:ic:cve" xmlns:ddms="urn:us:mil:ces:metadata:ddms:5"
         xmlns="urn:us:gov:ic:cve"
         xmlns:ism="urn:us:gov:ic:ism"
         xmlns:xsi="http://www.w3.org/2001/XMLSchema-instance"
         ism:ownerProducer="USA"
         ism:classification="U"
         ism:DESVersion="10"
         ism:resourceElement="true"
         CVEVersion="1"
         ism:createDate="2012-01-04"
         xsi:schemaLocation="urn:us:gov:ic:cve ../Schema/CVEXml.xsd">
	
	  <cve:IRM>
		    <ddms:identifier ddms:qualifier="name" ddms:value="urn:us:gov:ic:cvenum:ism:nonic"/>
		    <ddms:title ism:ownerProducer="USA" ism:classification="U">CVEnumISMNonIC</ddms:title>
		    <ddms:description ism:ownerProducer="USA" ism:classification="U">All currently valid Non-IC markings from the published register</ddms:description>
		
		    <cve:Created>2012-01-04T00:14:00-04:00</cve:Created>
		
		    <ddms:source ddms:value="CAPCO Register"/>
		    <ddms:pointOfContact>
			      <ddms:organization>
				        <ddms:name>Office IC CIO</ddms:name>
				        <ddms:email>datastandardssupport@ugov.gov</ddms:email>
			      </ddms:organization>
		    </ddms:pointOfContact>
	  </cve:IRM>
	
	  <cve:Enumeration multivalue="true" ism:ownerProducer="USA" ism:classification="U">
		
		    <Term ism:classification="U" ism:ownerProducer="USA">
			      <Value ism:classification="U" ism:ownerProducer="USA">DS</Value>
			      <ddms:description ism:classification="U" ism:ownerProducer="USA">LIMITED DISTRIBUTION</ddms:description>
		    </Term>
		    <Term ism:classification="U" ism:ownerProducer="USA">
			      <Value ism:classification="U" ism:ownerProducer="USA">XD</Value>
			      <ddms:description ism:classification="U" ism:ownerProducer="USA">EXCLUSIVE DISTRIBUTION</ddms:description>
		    </Term>
		    <Term ism:classification="U" ism:ownerProducer="USA">
			      <Value ism:classification="U" ism:ownerProducer="USA">ND</Value>
			      <ddms:description ism:classification="U" ism:ownerProducer="USA">NO DISTRIBUTION</ddms:description>
		    </Term>
		    <Term ism:classification="U" ism:ownerProducer="USA">
			      <Value ism:classification="U" ism:ownerProducer="USA">SBU</Value>
			      <ddms:description ism:classification="U" ism:ownerProducer="USA">SENSITIVE BUT UNCLASSIFIED</ddms:description>
		    </Term>
		    <Term ism:classification="U" ism:ownerProducer="USA">
			      <Value ism:classification="U" ism:ownerProducer="USA">SBU-NF</Value>
			      <ddms:description ism:classification="U" ism:ownerProducer="USA">SENSITIVE BUT UNCLASSIFIED NOFORN</ddms:description>
		    </Term>
		    <Term ism:classification="U" ism:ownerProducer="USA">
			      <Value ism:classification="U" ism:ownerProducer="USA">LES</Value>
			      <ddms:description ism:classification="U" ism:ownerProducer="USA">LAW ENFORCEMENT SENSITIVE</ddms:description>
		    </Term>
		    <Term ism:classification="U" ism:ownerProducer="USA">
			      <Value ism:classification="U" ism:ownerProducer="USA">LES-NF</Value>
			      <ddms:description ism:classification="U" ism:ownerProducer="USA">LAW ENFORCEMENT SENSITIVE NOFORN</ddms:description>
		    </Term>
		    <Term ism:classification="U" ism:ownerProducer="USA">
			      <Value ism:classification="U" ism:ownerProducer="USA">SSI</Value>
			      <ddms:description ism:classification="U" ism:ownerProducer="USA">SENSITIVE SECURITY INFORMATION</ddms:description>
		    </Term>
		    <Term ism:classification="U" ism:ownerProducer="USA">
			      <Value ism:classification="U" ism:ownerProducer="USA" regularExpression="true">ACCM-[A-Z0-9\-_]{1,61}</Value>
			      <ddms:description ism:classification="U" ism:ownerProducer="USA">The name of the ALTERNATE COMPENSATORY CONTROL MEASURE, substituting "_" for a space.</ddms:description>
		    </Term>
		    <Term ism:classification="U" ism:ownerProducer="USA">
			      <Value ism:classification="U" ism:ownerProducer="USA" regularExpression="true">NNPI</Value>
			      <ddms:description ism:classification="U" ism:ownerProducer="USA">NAVAL NUCLEAR PROPULSION INFORMATION</ddms:description>
		    </Term>
	  </cve:Enumeration> 
</cve:CVE>