<?xml version="1.0" encoding="UTF-8"?>
<!-- Notices - Distribution Notice: 
           This document has been approved for Public Release and is available for use without restriction.
       --><cve:CVE xmlns:cve="urn:us:gov:ic:cve" xmlns:ddms="urn:us:mil:ces:metadata:ddms:5"
         xmlns="urn:us:gov:ic:cve"
         xmlns:ism="urn:us:gov:ic:ism"
         xmlns:xsi="http://www.w3.org/2001/XMLSchema-instance"
         ism:ownerProducer="USA"
         ism:classification="U"
         ism:DESVersion="10"
         ism:resourceElement="true"
         CVEVersion="1"
         ism:createDate="2011-09-01"
         xsi:schemaLocation="urn:us:gov:ic:cve ../Schema/CVEXml.xsd">
	
	  <cve:IRM>
		    <ddms:identifier ddms:qualifier="name" ddms:value="urn:us:gov:ic:cvenum:ism:pocType"/>
		    <ddms:title ism:ownerProducer="USA" ism:classification="U">CVEnumISMPocType</ddms:title>
		    <ddms:description ism:ownerProducer="USA" ism:classification="U">All currently authorized types for ISM-related points-of-contact.</ddms:description>
		
		    <cve:Created>2011-07-13T14:42:00-04:00</cve:Created>
		
		    <ddms:source ddms:value="DoD Directive 5230.24"/>
		    <ddms:source ddms:value="ICD-710"/>
		    <ddms:source ddms:value="Originator Controlled Memo, March 11, 2011"/>
		    <ddms:pointOfContact>
			      <ddms:organization>
				        <ddms:name>Office IC CIO</ddms:name>
				        <ddms:email>datastandardssupport@ugov.gov</ddms:email>
			      </ddms:organization>
		    </ddms:pointOfContact>
	  </cve:IRM>
	
	  <cve:Enumeration multivalue="true" ism:ownerProducer="USA" ism:classification="U">
		    <Term ism:classification="U" ism:ownerProducer="USA">
			      <Value ism:classification="U" ism:ownerProducer="USA">ICD-710</Value>
			      <ddms:description ism:classification="U" ism:ownerProducer="USA">Point-of-contact for an ICD-710 notice.</ddms:description>
		    </Term>
		    <Term ism:classification="U" ism:ownerProducer="USA">
			      <Value ism:classification="U" ism:ownerProducer="USA">DoD-Dist-B</Value>
			      <ddms:description ism:classification="U" ism:ownerProducer="USA">DoD Distribution statement B from DoD Directive 5230.24</ddms:description>
		    </Term>
		    <Term ism:classification="U" ism:ownerProducer="USA">
			      <Value ism:classification="U" ism:ownerProducer="USA">DoD-Dist-C</Value>
			      <ddms:description ism:classification="U" ism:ownerProducer="USA">DoD Distribution statement C from DoD Directive 5230.24</ddms:description>
		    </Term>
		    <Term ism:classification="U" ism:ownerProducer="USA">
			      <Value ism:classification="U" ism:ownerProducer="USA">DoD-Dist-D</Value>
			      <ddms:description ism:classification="U" ism:ownerProducer="USA">DoD Distribution statement D from DoD Directive 5230.24</ddms:description>
		    </Term>
		    <Term ism:classification="U" ism:ownerProducer="USA">
			      <Value ism:classification="U" ism:ownerProducer="USA">DoD-Dist-E</Value>
			      <ddms:description ism:classification="U" ism:ownerProducer="USA">DoD Distribution statement E from DoD Directive 5230.24</ddms:description>
		    </Term>
		    <Term ism:classification="U" ism:ownerProducer="USA">
			      <Value ism:classification="U" ism:ownerProducer="USA">DoD-Dist-F</Value>
			      <ddms:description ism:classification="U" ism:ownerProducer="USA">DoD Distribution statement F from DoD Directive 5230.24</ddms:description>
		    </Term>
		    <Term ism:classification="U" ism:ownerProducer="USA">
			      <Value ism:classification="U" ism:ownerProducer="USA">DoD-Dist-X</Value>
			      <ddms:description ism:classification="U" ism:ownerProducer="USA">DoD Distribution statement X from DoD Directive 5230.24</ddms:description>
		    </Term>
	  </cve:Enumeration>
	
</cve:CVE>