<?xml version="1.0" encoding="UTF-8"?> 
 <!-- Notices - Distribution Notice: 
           This document has been approved for Public Release and is available for use without restriction.
       -->
<cve:CVE xmlns:cve="urn:us:gov:ic:cve" 
xmlns:ddms="urn:us:mil:ces:metadata:ddms:4" 
xmlns="urn:us:gov:ic:cve" 
xmlns:ism="urn:us:gov:ic:ism" 
xmlns:xsi="http://www.w3.org/2001/XMLSchema-instance" 
xsi:schemaLocation="urn:us:gov:ic:cve ../Schema/CVEXml.xsd"
ism:ownerProducer="USA" 
ism:classification="U"
ism:DESVersion="9"
ism:resourceElement="true"
CVEVersion="1" ism:createDate="2012-01-04">


	<cve:IRM>
		<ddms:identifier ddms:qualifier="name" ddms:value="urn:us:gov:ic:cvenum:ism:dissem"/>
		<ddms:title ism:ownerProducer="USA" ism:classification="U">CVEnumISMDissem</ddms:title>
		<ddms:description ism:ownerProducer="USA" ism:classification="U">All currently valid Dissemination controls from the published register</ddms:description>
		<cve:Created>2012-01-04T00:14:00-04:00</cve:Created>
		<ddms:source ddms:value="CAPCO Register"/>
		<ddms:pointOfContact>
			<ddms:organization>
				<ddms:name>Office IC CIO</ddms:name>
				<ddms:email>datastandardssupport@ugov.gov</ddms:email>
			</ddms:organization>
		</ddms:pointOfContact>
	</cve:IRM>
	
	<cve:Enumeration multivalue="true" ism:ownerProducer="USA" ism:classification="U">
		<Term ism:classification="U" ism:ownerProducer="USA" >
			<Value ism:classification="U" ism:ownerProducer="USA">RS</Value>
			<ddms:description ism:classification="U" ism:ownerProducer="USA">RISK SENSITIVE</ddms:description>
		</Term>
		<Term ism:classification="U" ism:ownerProducer="USA" >
			<Value ism:classification="U" ism:ownerProducer="USA">FOUO</Value>
			<ddms:description ism:classification="U" ism:ownerProducer="USA">FOR OFFICIAL USE ONLY</ddms:description>
		</Term>
		<Term ism:classification="U" ism:ownerProducer="USA" >
			<Value ism:classification="U" ism:ownerProducer="USA">OC</Value>
			<ddms:description ism:classification="U" ism:ownerProducer="USA">ORIGINATOR CONTROLLED</ddms:description>
		</Term>
		<Term ism:classification="U" ism:ownerProducer="USA" >
			<Value ism:classification="U" ism:ownerProducer="USA">IMC</Value>
			<ddms:description ism:classification="U" ism:ownerProducer="USA">CONTROLLED IMAGERY</ddms:description>
		</Term>
		<Term ism:classification="U" ism:ownerProducer="USA" >
			<Value ism:classification="U" ism:ownerProducer="USA">NF</Value>
			<ddms:description ism:classification="U" ism:ownerProducer="USA">NOT RELEASABLE TO FOREIGN NATIONALS</ddms:description>
		</Term>
		<Term ism:classification="U" ism:ownerProducer="USA" >
			<Value ism:classification="U" ism:ownerProducer="USA">PR</Value>
			<ddms:description ism:classification="U" ism:ownerProducer="USA">CAUTION-PROPRIETARY INFORMATION INVOLVED</ddms:description>
		</Term>
		<Term ism:classification="U" ism:ownerProducer="USA" >
			<Value ism:classification="U" ism:ownerProducer="USA">REL</Value>
			<ddms:description ism:classification="U" ism:ownerProducer="USA">AUTHORIZED FOR RELEASE TO</ddms:description>
		</Term>
		<Term ism:classification="U" ism:ownerProducer="USA" >
			<Value ism:classification="U" ism:ownerProducer="USA">RELIDO</Value>
			<ddms:description ism:classification="U" ism:ownerProducer="USA">RELEASABLE BY INFORMATION DISCLOSURE OFFICIAL</ddms:description>
		</Term>
		<Term ism:classification="U" ism:ownerProducer="USA" deprecated="2012-09-11">
			<Value ism:classification="U" ism:ownerProducer="USA">EYES</Value>
			<ddms:description ism:classification="U" ism:ownerProducer="USA">EYES ONLY</ddms:description>
		</Term>
		<Term ism:classification="U" ism:ownerProducer="USA" >
			<Value ism:classification="U" ism:ownerProducer="USA">DSEN</Value>
			<ddms:description ism:classification="U" ism:ownerProducer="USA">DEA SENSITIVE</ddms:description>
		</Term>
		<Term ism:classification="U" ism:ownerProducer="USA" >
			<Value ism:classification="U" ism:ownerProducer="USA">FISA</Value>
			<ddms:description ism:classification="U" ism:ownerProducer="USA">FOREIGN INTELLIGENCE SURVEILLANCE ACT</ddms:description>
		</Term>
		<Term ism:classification="U" ism:ownerProducer="USA" >
			<Value ism:classification="U" ism:ownerProducer="USA">DISPLAYONLY</Value>
			<ddms:description ism:classification="U" ism:ownerProducer="USA">AUTHORIZED FOR DISPLAY BUT NOT RELEASE TO</ddms:description>
		</Term>
	</cve:Enumeration>
</cve:CVE>
