<?xml version="1.0" encoding="UTF-8"?> 
 <!-- Notices - Distribution Notice: 
           This document has been approved for Public Release and is available for use without restriction.
       -->
<cve:CVE xmlns:cve="urn:us:gov:ic:cve"
	xmlns:ddms="urn:us:mil:ces:metadata:ddms:4"
	xmlns="urn:us:gov:ic:cve"
	xmlns:ism="urn:us:gov:ic:ism"
	xmlns:xsi="http://www.w3.org/2001/XMLSchema-instance"
	xsi:schemaLocation="urn:us:gov:ic:cve ../Schema/CVEXml.xsd"
	ism:ownerProducer="USA"
	ism:classification="U"
	ism:DESVersion="9"
	ism:resourceElement="true"
	CVEVersion="1" ism:createDate="2011-09-01">
	
	<cve:IRM>
		<ddms:identifier ddms:qualifier="name" ddms:value="urn:us:gov:ic:cvenum:ism:notice"/>
		<ddms:title ism:ownerProducer="USA" ism:classification="U">CVEnumISMNotice</ddms:title>
		<ddms:description ism:ownerProducer="USA" ism:classification="U">All currently authorized Notice values</ddms:description>
		
		<cve:Created>2010-03-12T11:29:00-04:00</cve:Created>
		
		<ddms:source ddms:value="Marking Classified National Security Information Directive No. 1"/>
		<ddms:source ddms:value="Marking Classified National Security Information Marking Booklet"/>
		<ddms:pointOfContact>
			<ddms:organization>
				<ddms:name>Office IC CIO</ddms:name>
				<ddms:email>datastandardssupport@ugov.gov</ddms:email>
			</ddms:organization>
		</ddms:pointOfContact>
	</cve:IRM>
	
	<cve:Enumeration multivalue="true" ism:ownerProducer="USA" ism:classification="U">
		<Term ism:classification="U" ism:ownerProducer="USA" >
			<Value ism:classification="U" ism:ownerProducer="USA">FISA</Value>
			<ddms:description ism:classification="U" ism:ownerProducer="USA">FISA Warning statement</ddms:description>
		</Term>
		<Term ism:classification="U" ism:ownerProducer="USA" >
			<Value ism:classification="U" ism:ownerProducer="USA">IMC</Value>
			<ddms:description ism:classification="U" ism:ownerProducer="USA">IMCON Warning statement</ddms:description>
		</Term>
		<Term ism:classification="U" ism:ownerProducer="USA" >
			<Value ism:classification="U" ism:ownerProducer="USA">CNWDI</Value>
			<ddms:description ism:classification="U" ism:ownerProducer="USA">Controled Nuclear Weapon Design Information Warning statement</ddms:description>
		</Term>
		<Term ism:classification="U" ism:ownerProducer="USA" >
			<Value ism:classification="U" ism:ownerProducer="USA">RD</Value>
			<ddms:description ism:classification="U" ism:ownerProducer="USA">RD Warning statement</ddms:description>
		</Term>
		<Term ism:classification="U" ism:ownerProducer="USA" >
			<Value ism:classification="U" ism:ownerProducer="USA">FRD</Value>
			<ddms:description ism:classification="U" ism:ownerProducer="USA">FRD Warning statement</ddms:description>
		</Term>
		<Term ism:classification="U" ism:ownerProducer="USA" >
			<Value ism:classification="U" ism:ownerProducer="USA">DS</Value>
			<ddms:description ism:classification="U" ism:ownerProducer="USA">LIMDIS caveat</ddms:description>
		</Term>
		<Term ism:classification="U" ism:ownerProducer="USA" >
			<Value ism:classification="U" ism:ownerProducer="USA">LES</Value>
			<ddms:description ism:classification="U" ism:ownerProducer="USA">LES Notice</ddms:description>
		</Term>
		<Term ism:classification="U" ism:ownerProducer="USA" >
			<Value ism:classification="U" ism:ownerProducer="USA">LES-NF</Value>
			<ddms:description ism:classification="U" ism:ownerProducer="USA">LES Notice</ddms:description>
		</Term>
		<Term ism:classification="U" ism:ownerProducer="USA" >
			<Value ism:classification="U" ism:ownerProducer="USA">DSEN</Value>
			<ddms:description ism:classification="U" ism:ownerProducer="USA">DSEN Notice</ddms:description>
		</Term>
		<Term ism:classification="U" ism:ownerProducer="USA" >
			<Value ism:classification="U" ism:ownerProducer="USA">DoD-Dist-A</Value>
			<ddms:description ism:classification="U" ism:ownerProducer="USA">DoD Distribution statement A from DoD Directive 5230.24</ddms:description>
		</Term>
		<Term ism:classification="U" ism:ownerProducer="USA" >
			<Value ism:classification="U" ism:ownerProducer="USA">DoD-Dist-B</Value>
			<ddms:description ism:classification="U" ism:ownerProducer="USA">DoD Distribution statement B from DoD Directive 5230.24</ddms:description>
		</Term>
		<Term ism:classification="U" ism:ownerProducer="USA" >
			<Value ism:classification="U" ism:ownerProducer="USA">DoD-Dist-C</Value>
			<ddms:description ism:classification="U" ism:ownerProducer="USA">DoD Distribution statement C from DoD Directive 5230.24</ddms:description>
		</Term>
		<Term ism:classification="U" ism:ownerProducer="USA" >
			<Value ism:classification="U" ism:ownerProducer="USA">DoD-Dist-D</Value>
			<ddms:description ism:classification="U" ism:ownerProducer="USA">DoD Distribution statement D from DoD Directive 5230.24</ddms:description>
		</Term>
		<Term ism:classification="U" ism:ownerProducer="USA" >
			<Value ism:classification="U" ism:ownerProducer="USA">DoD-Dist-E</Value>
			<ddms:description ism:classification="U" ism:ownerProducer="USA">DoD Distribution statement E from DoD Directive 5230.24</ddms:description>
		</Term>
		<Term ism:classification="U" ism:ownerProducer="USA" >
			<Value ism:classification="U" ism:ownerProducer="USA">DoD-Dist-F</Value>
			<ddms:description ism:classification="U" ism:ownerProducer="USA">DoD Distribution statement F from DoD Directive 5230.24</ddms:description>
		</Term>
		<Term ism:classification="U" ism:ownerProducer="USA" >
			<Value ism:classification="U" ism:ownerProducer="USA">DoD-Dist-X</Value>
			<ddms:description ism:classification="U" ism:ownerProducer="USA">DoD Distribution statement X from DoD Directive 5230.24</ddms:description>
		</Term>
		<Term ism:classification="U" ism:ownerProducer="USA" >
			<Value ism:classification="U" ism:ownerProducer="USA">US-Person</Value>
			<ddms:description ism:classification="U" ism:ownerProducer="USA">US Person info Notice</ddms:description>
		</Term>
		<Term ism:classification="U" ism:ownerProducer="USA" >
			<Value ism:classification="U" ism:ownerProducer="USA">pre13526ORCON</Value>
			<ddms:description ism:classification="U" ism:ownerProducer="USA">Indicates that an instance document must abide by rules pertaining to ORIGINATOR CONTROLLED data issued prior to Executive Order 13526.</ddms:description>
		</Term>
		<Term ism:classification="U" ism:ownerProducer="USA" >
			<Value ism:classification="U" ism:ownerProducer="USA">POC</Value>
			<ddms:description ism:classification="U" ism:ownerProducer="USA">Indicates that the contents of this notice specify the contact information for a required point-of-contact.</ddms:description>
		</Term>
		<Term ism:classification="U" ism:ownerProducer="USA" >
			<Value ism:classification="U" ism:ownerProducer="USA">COMSEC</Value>
			<ddms:description ism:classification="U" ism:ownerProducer="USA">COMSEC Notice</ddms:description>
		</Term>
	</cve:Enumeration>
	
</cve:CVE>
