<?xml version="1.0" encoding="UTF-8"?> 
 <!-- Notices - Distribution Notice: 
           This document has been approved for Public Release and is available for use without restriction.
       -->
            <cve:CVE xmlns:cve="urn:us:gov:ic:cve"
         xmlns:ddms="urn:us:mil:ces:metadata:ddms:4"
         xmlns="urn:us:gov:ic:cve"
         xmlns:ism="urn:us:gov:ic:ism"
         xmlns:xsi="http://www.w3.org/2001/XMLSchema-instance"
         xsi:schemaLocation="urn:us:gov:ic:cve ../Schema/CVEXml.xsd"
         ism:ownerProducer="USA"
         ism:classification="U"
         ism:DESVersion="9"
         ism:resourceElement="true"
		 CVEVersion="1" ism:createDate="2011-09-01">

                <cve:IRM>
                    <ddms:identifier ddms:qualifier="name"
                       ddms:value="urn:us:gov:ic:cvenum:ism:classification:us"/>
                    <ddms:title ism:ownerProducer="USA" ism:classification="U">CVEnumISMClassificationUS</ddms:title>
                    <ddms:description ism:ownerProducer="USA" ism:classification="U">All currently valid US classification marks</ddms:description>

                    <cve:Created>2010-03-12T11:29:00-04:00</cve:Created>
                    
                    <ddms:source ddms:value="CAPCO Register"/>
                    <ddms:pointOfContact>
                        <ddms:organization>
                            <ddms:name>Office IC CIO</ddms:name>
                            <ddms:email>datastandardssupport@ugov.gov</ddms:email>
                        </ddms:organization>
                    </ddms:pointOfContact>
                </cve:IRM>
                
                <cve:Enumeration multivalue="false" ism:ownerProducer="USA" ism:classification="U">

		<Term ism:classification="U" ism:ownerProducer="USA" >
			<Value ism:classification="U" ism:ownerProducer="USA">TS</Value>
			<ddms:description ism:classification="U" ism:ownerProducer="USA">TOP SECRET</ddms:description>
		</Term>
		<Term ism:classification="U" ism:ownerProducer="USA" >
			<Value ism:classification="U" ism:ownerProducer="USA">S</Value>
			<ddms:description ism:classification="U" ism:ownerProducer="USA">SECRET</ddms:description>
		</Term>
		<Term ism:classification="U" ism:ownerProducer="USA" >
			<Value ism:classification="U" ism:ownerProducer="USA">C</Value>
			<ddms:description ism:classification="U" ism:ownerProducer="USA">CONFIDENTIAL</ddms:description>
		</Term>
		<Term ism:classification="U" ism:ownerProducer="USA" >
			<Value ism:classification="U" ism:ownerProducer="USA">U</Value>
			<ddms:description ism:classification="U" ism:ownerProducer="USA">UNCLASSIFIED</ddms:description>
		</Term>
                    
                </cve:Enumeration>
                
                </cve:CVE>
        