<?xml version="1.0" encoding="UTF-8"?>
            <cve:CVE xmlns:cve="urn:us:gov:ic:cve:v1"
         xmlns:ddms="http://metadata.dod.mil/mdr/ns/DDMS/3.0/"
         xmlns="urn:us:gov:ic:cve:v1"
         xmlns:ism="urn:us:gov:ic:ism"
         xmlns:xsi="http://www.w3.org/2001/XMLSchema-instance"
         xsi:schemaLocation="urn:us:gov:ic:cve:v1 ./Schema/CVEXml.xsd"
         ism:ownerProducer="USA"
         ism:classification="U"
         ism:DESVersion="5"
         ism:resourceElement="true"
		 ism:createDate="2010-03-12">

                <cve:IRM>
                    <ddms:identifier ddms:qualifier="name" ddms:value="urn:us:gov:ic:cvenum:ism:sar:v1"/>
                    <ddms:title ism:ownerProducer="USA" ism:classification="U">CVEnumISMSAR</ddms:title>
                    <ddms:description ism:ownerProducer="USA" ism:classification="U">All currently valid SAR controls from the published register</ddms:description>

                    <cve:Created>2010-03-12T11:29:00-04:00</cve:Created>
                    
                    <ddms:source ddms:value="CAPCO Register"/>
                    <ddms:pointOfContact>
                        <ddms:Organization>
                            <ddms:name>Office IC CIO</ddms:name>
                            <ddms:email>datastandardssupport@ugov.gov</ddms:email>
                        </ddms:Organization>
                    </ddms:pointOfContact>
                </cve:IRM>
                
                <cve:Enumeration multivalue="true" ism:ownerProducer="USA" ism:classification="U">

		<Term ism:classification="U" ism:ownerProducer="USA" >
		    <Value ism:classification="U" ism:ownerProducer="USA" regularExpression="true">SAR-[A-Z][A-Z][A-Z]?</Value>
		    <ddms:description ism:classification="U" ism:ownerProducer="USA">SPECIAL ACCESS REQUIRED-XXX, the Digraph or Trigraph of the SAR is represented by the XXX</ddms:description>
		</Term>
                    
                </cve:Enumeration>
                
                </cve:CVE>
        
