<?xml version="1.0" encoding="UTF-8"?>
<cve:CVE xmlns:cve="urn:us:gov:ic:cve:v1"
	xmlns:ddms="http://metadata.dod.mil/mdr/ns/DDMS/3.0/"
	xmlns="urn:us:gov:ic:cve:v1"
	xmlns:ism="urn:us:gov:ic:ism"
	xmlns:xsi="http://www.w3.org/2001/XMLSchema-instance"
	xsi:schemaLocation="urn:us:gov:ic:cve:v1 ./Schema/CVEXml.xsd"
	ism:ownerProducer="USA"
	ism:classification="U"
	ism:DESVersion="5"
	ism:resourceElement="true"
	ism:createDate="2010-03-12">
	
	<cve:IRM>
		<ddms:identifier ddms:qualifier="name" ddms:value="urn:us:gov:ic:cvenum:ism:nonic:v1"/>
		<ddms:title ism:ownerProducer="USA" ism:classification="U">CVEnumISMNonIC</ddms:title>
		<ddms:description ism:ownerProducer="USA" ism:classification="U">All currently valid Non-IC markings from the published register</ddms:description>
		
		<cve:Created>2010-03-12T11:29:00-04:00</cve:Created>
		
		<ddms:source ddms:value="CAPCO Register"/>
		<ddms:pointOfContact>
			<ddms:Organization>
				<ddms:name>Office IC CIO</ddms:name>
				<ddms:email>datastandardssupport@ugov.gov</ddms:email>
			</ddms:Organization>
		</ddms:pointOfContact>
	</cve:IRM>
	
	<cve:Enumeration multivalue="true" ism:ownerProducer="USA" ism:classification="U">
		
		<Term ism:classification="U" ism:ownerProducer="USA" >
			<Value ism:classification="U" ism:ownerProducer="USA">SC</Value>
			<ddms:description ism:classification="U" ism:ownerProducer="USA">SPECIAL CATEGORY</ddms:description>
		</Term>
		<Term ism:classification="U" ism:ownerProducer="USA" >
			<Value ism:classification="U" ism:ownerProducer="USA">SINFO</Value>
			<ddms:description ism:classification="U" ism:ownerProducer="USA">SENSITIVE INFORMATION</ddms:description>
		</Term>
		<Term ism:classification="U" ism:ownerProducer="USA" >
			<Value ism:classification="U" ism:ownerProducer="USA">DS</Value>
			<ddms:description ism:classification="U" ism:ownerProducer="USA">LIMITED DISTRIBUTION</ddms:description>
		</Term>
		<Term ism:classification="U" ism:ownerProducer="USA" >
			<Value ism:classification="U" ism:ownerProducer="USA">XD</Value>
			<ddms:description ism:classification="U" ism:ownerProducer="USA">EXCLUSIVE DISTRIBUTION</ddms:description>
		</Term>
		<Term ism:classification="U" ism:ownerProducer="USA" >
			<Value ism:classification="U" ism:ownerProducer="USA">ND</Value>
			<ddms:description ism:classification="U" ism:ownerProducer="USA">NO DISTRIBUTION</ddms:description>
		</Term>
		<Term ism:classification="U" ism:ownerProducer="USA" >
			<Value ism:classification="U" ism:ownerProducer="USA">SBU</Value>
			<ddms:description ism:classification="U" ism:ownerProducer="USA">SENSITIVE BUT UNCLASSIFIED</ddms:description>
		</Term>
		<Term ism:classification="U" ism:ownerProducer="USA" >
			<Value ism:classification="U" ism:ownerProducer="USA">SBU-NF</Value>
			<ddms:description ism:classification="U" ism:ownerProducer="USA">SENSITIVE BUT UNCLASSIFIED NOFORN</ddms:description>
		</Term>
		<Term ism:classification="U" ism:ownerProducer="USA" >
			<Value ism:classification="U" ism:ownerProducer="USA">LES</Value>
			<ddms:description ism:classification="U" ism:ownerProducer="USA">LAW ENFORCEMENT SENSITIVE</ddms:description>
		</Term>
		<Term ism:classification="U" ism:ownerProducer="USA" >
			<Value ism:classification="U" ism:ownerProducer="USA">LES-NF</Value>
			<ddms:description ism:classification="U" ism:ownerProducer="USA">LAW ENFORCEMENT SENSITIVE NOFORN</ddms:description>
		</Term>
	</cve:Enumeration> 
</cve:CVE>
