<?xml version="1.0" encoding="UTF-8"?>
<cve:CVE xmlns:cve="urn:us:gov:ic:cve:v1"
	xmlns:ddms="http://metadata.dod.mil/mdr/ns/DDMS/3.0/"
	xmlns="urn:us:gov:ic:cve:v1"
	xmlns:ism="urn:us:gov:ic:ism"
	xmlns:xsi="http://www.w3.org/2001/XMLSchema-instance"
	xsi:schemaLocation="urn:us:gov:ic:cve:v1 ./Schema/CVEXml.xsd"
	ism:ownerProducer="USA"
	ism:classification="U"
	ism:DESVersion="5"
	ism:resourceElement="true"
	ism:createDate="2010-05-30">
	
	<cve:IRM>
		<ddms:identifier ddms:qualifier="name" ddms:value="urn:us:gov:ic:cvenum:ism:complieswith:v1"/>
		<ddms:title ism:ownerProducer="USA" ism:classification="U">CVEnumISMCompliesWith</ddms:title>
		<ddms:description ism:ownerProducer="USA" ism:classification="U">Current rule set names that documents may comply with</ddms:description>
		
		<cve:Created>2010-05-30T16:52:00-04:00</cve:Created>
		
		<ddms:source ddms:value="ISM schema"/>
		<ddms:pointOfContact>
			<ddms:Organization>
				<ddms:name>Office IC CIO</ddms:name>
				<ddms:email>datastandardssupport@ugov.gov</ddms:email>
			</ddms:Organization>
		</ddms:pointOfContact>
	</cve:IRM>
	
	<cve:Enumeration multivalue="true" ism:ownerProducer="USA" ism:classification="U">
		<Term ism:classification="U" ism:ownerProducer="USA" >
			<Value ism:classification="U" ism:ownerProducer="USA">ICD-710</Value>
			<ddms:description ism:classification="U" ism:ownerProducer="USA">Document claims compliance with the rules in ICD-710 that have been encoded into ISM</ddms:description>
		</Term>
		<Term ism:classification="U" ism:ownerProducer="USA" >
			<Value ism:classification="U" ism:ownerProducer="USA">DoD5230.24</Value>
			<ddms:description ism:classification="U" ism:ownerProducer="USA">Document claims compliance with the rules in DoD5230.24 that have been encoded into ISM</ddms:description>
		</Term>
	</cve:Enumeration>
	
</cve:CVE>
