<?xml version="1.0" encoding="UTF-8"?>
<cve:CVE xmlns:cve="urn:us:gov:ic:cve:v1"
	xmlns:ddms="http://metadata.dod.mil/mdr/ns/DDMS/3.0/"
	xmlns="urn:us:gov:ic:cve:v1"
	xmlns:ism="urn:us:gov:ic:ism"
	xmlns:xsi="http://www.w3.org/2001/XMLSchema-instance"
	xsi:schemaLocation="urn:us:gov:ic:cve:v1 ./Schema/CVEXml.xsd"
	ism:ownerProducer="USA"
	ism:classification="U"
	ism:DESVersion="5"
	ism:resourceElement="true"
	ism:createDate="2010-06-06">
	
	<cve:IRM>
		<ddms:identifier ddms:qualifier="name" ddms:value="urn:us:gov:ic:cvenum:ism:nonuscontrols:v1"/>
		<ddms:title ism:ownerProducer="USA" ism:classification="U">CVEnumISMNonUSControls</ddms:title>
		<ddms:description ism:ownerProducer="USA" ism:classification="U">NonUS Control markings supported by ISM</ddms:description>
		
		<cve:Created>2010-06-06T20:11:00-04:00</cve:Created>
		
		<ddms:source ddms:value="ISM schema"/>
		<ddms:pointOfContact>
			<ddms:Organization>
				<ddms:name>Office IC CIO</ddms:name>
				<ddms:email>datastandardssupport@ugov.gov</ddms:email>
			</ddms:Organization>
		</ddms:pointOfContact>
	</cve:IRM>
	
	<cve:Enumeration multivalue="true" ism:ownerProducer="USA" ism:classification="U">
		<Term ism:classification="U" ism:ownerProducer="USA" >
			<Value ism:classification="U" ism:ownerProducer="USA">ATOMAL</Value>
			<ddms:description ism:classification="U" ism:ownerProducer="USA">NATO Atomal mark</ddms:description>
		</Term>
		<Term ism:classification="U" ism:ownerProducer="USA" >
			<Value ism:classification="U" ism:ownerProducer="USA">BOHEMIA</Value>
			<ddms:description ism:classification="U" ism:ownerProducer="USA">NATO Bohemia mark</ddms:description>
		</Term>
		<Term ism:classification="U" ism:ownerProducer="USA" >
			<Value ism:classification="U" ism:ownerProducer="USA">BALK</Value>
			<ddms:description ism:classification="U" ism:ownerProducer="USA">NATO Balk mark</ddms:description>
		</Term>
	</cve:Enumeration>
	
</cve:CVE>
