<?xml version="1.0" encoding="UTF-8"?>
<cve:CVE xmlns:cve="urn:us:gov:ic:cve:v1"
    xmlns:ddms="http://metadata.dod.mil/mdr/ns/DDMS/3.0/"
    xmlns="urn:us:gov:ic:cve:v1"
    xmlns:ism="urn:us:gov:ic:ism"
    xmlns:xsi="http://www.w3.org/2001/XMLSchema-instance"
    xsi:schemaLocation="urn:us:gov:ic:cve:v1 ./Schema/CVEXml.xsd"
    ism:ownerProducer="USA"
    ism:classification="U"
    ism:DESVersion="5"
    ism:resourceElement="true"
	ism:createDate="2010-08-31">
    
    <cve:IRM>
        <ddms:identifier ddms:qualifier="name" ddms:value="urn:us:gov:ic:cvenum:ism:atomicEnergyMarkings:v1"/>
        <ddms:title ism:ownerProducer="USA" ism:classification="U">CVEnumISMatomicEnergyMarkings</ddms:title>
        <ddms:description ism:ownerProducer="USA" ism:classification="U">All currently valid Atomic Energy information markings from the published register</ddms:description>
        
        <cve:Created>2010-08-31T18:29:00-04:00</cve:Created>
        
        <ddms:source ddms:value="CAPCO Register"/>
        <ddms:pointOfContact>
            <ddms:Organization>
                <ddms:name>Office IC CIO</ddms:name>
                <ddms:email>datastandardssupport@ugov.gov</ddms:email>
            </ddms:Organization>
        </ddms:pointOfContact>
    </cve:IRM>
    
    <cve:Enumeration multivalue="true" ism:ownerProducer="USA" ism:classification="U">
        
        <Term ism:classification="U" ism:ownerProducer="USA" >
            <Value ism:classification="U" ism:ownerProducer="USA">RD</Value>
            <ddms:description ism:classification="U" ism:ownerProducer="USA">RESTRICTED DATA</ddms:description>
        </Term>
        <Term ism:classification="U" ism:ownerProducer="USA" >
            <Value ism:classification="U" ism:ownerProducer="USA">RD-CNWDI</Value>
            <ddms:description ism:classification="U" ism:ownerProducer="USA">RD-CRITICAL NUCLEAR WEAPON DESIGN INFORMATION</ddms:description>
        </Term>
        <Term ism:classification="U" ism:ownerProducer="USA" >
            <Value ism:classification="U" ism:ownerProducer="USA" regularExpression="true">RD-SG-[1-9][0-9]?</Value>
            <ddms:description ism:classification="U" ism:ownerProducer="USA">RD-SIGMA-#, # represents the SIGMA number which may be between 1 and 99.</ddms:description>
        </Term>
        <Term ism:classification="U" ism:ownerProducer="USA" >
            <Value ism:classification="U" ism:ownerProducer="USA">FRD</Value>
            <ddms:description ism:classification="U" ism:ownerProducer="USA">FORMERLY RESTRICTED DATA</ddms:description>
        </Term>
        <Term ism:classification="U" ism:ownerProducer="USA" >
            <Value ism:classification="U" ism:ownerProducer="USA" regularExpression="true">FRD-SG-[1-9][0-9]?</Value>
            <ddms:description ism:classification="U" ism:ownerProducer="USA">FRD-SIGMA-#, # represents the SIGMA number which may be between 1 and 99.</ddms:description>
        </Term>
        <Term ism:classification="U" ism:ownerProducer="USA" >
            <Value ism:classification="U" ism:ownerProducer="USA">DCNI</Value>
            <ddms:description ism:classification="U" ism:ownerProducer="USA">DoD CONTROLLED NUCLEAR INFORMATION</ddms:description>
        </Term>
        <Term ism:classification="U" ism:ownerProducer="USA" >
            <Value ism:classification="U" ism:ownerProducer="USA">UCNI</Value>
            <ddms:description ism:classification="U" ism:ownerProducer="USA">DoE CONTROLLED NUCLEAR INFORMATION</ddms:description>
        </Term>
        
    </cve:Enumeration>
    
</cve:CVE>
