<?xml version="1.0" encoding="UTF-8"?>
<cve:CVE xmlns:cve="urn:us:gov:ic:cve:v1" 
xmlns:ddms="http://metadata.dod.mil/mdr/ns/DDMS/3.0/" 
xmlns="urn:us:gov:ic:cve:v1" 
xmlns:ism="urn:us:gov:ic:ism" 
xmlns:xsi="http://www.w3.org/2001/XMLSchema-instance" 
xsi:schemaLocation="urn:us:gov:ic:cve:v1 ./Schema/CVEXml.xsd"
ism:ownerProducer="USA" 
ism:classification="U"
ism:DESVersion="5"
ism:resourceElement="true"
ism:createDate="2010-03-12">

	<cve:IRM>
		<ddms:identifier ddms:qualifier="name" ddms:value="urn:us:gov:ic:cvenum:ism:dissem:v1"/>
		<ddms:title ism:ownerProducer="USA" ism:classification="U">CVEnumISMDissem</ddms:title>
		<ddms:description ism:ownerProducer="USA" ism:classification="U">All currently valid Dissemination controls from the published register</ddms:description>
		<cve:Created>2010-03-12T11:29:00-04:00</cve:Created>
		<ddms:source ddms:value="CAPCO Register"/>
		<ddms:pointOfContact>
			<ddms:Organization>
				<ddms:name>Office IC CIO</ddms:name>
				<ddms:email>datastandardssupport@ugov.gov</ddms:email>
			</ddms:Organization>
		</ddms:pointOfContact>
	</cve:IRM>
	
	<cve:Enumeration multivalue="true" ism:ownerProducer="USA" ism:classification="U">
		<Term ism:classification="U" ism:ownerProducer="USA" >
			<Value ism:classification="U" ism:ownerProducer="USA">RS</Value>
			<ddms:description ism:classification="U" ism:ownerProducer="USA">RISK SENSITIVE</ddms:description>
		</Term>
		<Term ism:classification="U" ism:ownerProducer="USA" >
			<Value ism:classification="U" ism:ownerProducer="USA">FOUO</Value>
			<ddms:description ism:classification="U" ism:ownerProducer="USA">FOR OFFICIAL USE ONLY</ddms:description>
		</Term>
		<Term ism:classification="U" ism:ownerProducer="USA" >
			<Value ism:classification="U" ism:ownerProducer="USA">OC</Value>
			<ddms:description ism:classification="U" ism:ownerProducer="USA">ORIGINATOR CONTROLLED</ddms:description>
		</Term>
		<Term ism:classification="U" ism:ownerProducer="USA" >
			<Value ism:classification="U" ism:ownerProducer="USA">IMC</Value>
			<ddms:description ism:classification="U" ism:ownerProducer="USA">CONTROLLED IMAGERY</ddms:description>
		</Term>
		<Term ism:classification="U" ism:ownerProducer="USA" >
			<Value ism:classification="U" ism:ownerProducer="USA">NF</Value>
			<ddms:description ism:classification="U" ism:ownerProducer="USA">NOT RELEASABLE TO FOREIGN NATIONALS</ddms:description>
		</Term>
		<Term ism:classification="U" ism:ownerProducer="USA" >
			<Value ism:classification="U" ism:ownerProducer="USA">PR</Value>
			<ddms:description ism:classification="U" ism:ownerProducer="USA">CAUTION-PROPRIETARY INFORMATION INVOLVED</ddms:description>
		</Term>
		<Term ism:classification="U" ism:ownerProducer="USA" >
			<Value ism:classification="U" ism:ownerProducer="USA">REL</Value>
			<ddms:description ism:classification="U" ism:ownerProducer="USA">AUTHORIZED FOR RELEASE TO</ddms:description>
		</Term>
		<Term ism:classification="U" ism:ownerProducer="USA" >
			<Value ism:classification="U" ism:ownerProducer="USA">RELIDO</Value>
			<ddms:description ism:classification="U" ism:ownerProducer="USA">RELEASABLE BY INFORMATION DISCLOSURE OFFICIAL</ddms:description>
		</Term>
		<Term ism:classification="U" ism:ownerProducer="USA" deprecated="2011-09-11">
			<Value ism:classification="U" ism:ownerProducer="USA">EYES</Value>
			<ddms:description ism:classification="U" ism:ownerProducer="USA">EYES ONLY</ddms:description>
		</Term>
		<Term ism:classification="U" ism:ownerProducer="USA" >
			<Value ism:classification="U" ism:ownerProducer="USA">DSEN</Value>
			<ddms:description ism:classification="U" ism:ownerProducer="USA">DEA SENSITIVE</ddms:description>
		</Term>
		<Term ism:classification="U" ism:ownerProducer="USA" >
			<Value ism:classification="U" ism:ownerProducer="USA">FISA</Value>
			<ddms:description ism:classification="U" ism:ownerProducer="USA">FOREIGN INTELLIGENCE SURVEILLANCE ACT</ddms:description>
		</Term>
		<Term ism:classification="U" ism:ownerProducer="USA" >
			<Value ism:classification="U" ism:ownerProducer="USA">DISPLAYONLY</Value>
			<ddms:description ism:classification="U" ism:ownerProducer="USA">AUTHORIZED FOR DISPLAY BUT NOT RELEASE TO</ddms:description>
		</Term>
	</cve:Enumeration>
</cve:CVE>
