<?xml version="1.0" encoding="UTF-8"?>
<cve:CVE xmlns:cve="urn:us:gov:ic:cve:v1"
	xmlns:ddms="http://metadata.dod.mil/mdr/ns/DDMS/2.0/"
	xmlns="urn:us:gov:ic:cve:v1"
	xmlns:ism="urn:us:gov:ic:ism"
	xmlns:xsi="http://www.w3.org/2001/XMLSchema-instance"
	xsi:schemaLocation="urn:us:gov:ic:cve:v1 ../Schema/CVEXml.xsd"
	ism:ownerProducer="USA"
	ism:classification="U"
	ism:DESVersion="2"
	ism:resourceElement="true"
	ism:createDate="2009-11-19">
	
	<cve:IRM>
		<ddms:identifier ddms:qualifier="name" ddms:value="urn:us:gov:ic:cvenum:ism:sourcemarked:v1"/>
		<ddms:title ism:ownerProducer="USA" ism:classification="U">CVEnumISMSourceMarked</ddms:title>
		<ddms:description ism:ownerProducer="USA" ism:classification="U">All currently authorized Source Marked values</ddms:description>
		
		<cve:Created>2009-10-26T12:00:00-04:00</cve:Created>
		
		<ddms:source ddms:value="Marking Classified National Security Information Directive No. 1"/>
		<ddms:source ddms:value="Marking Classified National Security Information Marking Booklet"/>
		<ddms:pointOfContact>
			<ddms:Organization>
				<ddms:name>Office IC CIO</ddms:name>
				<ddms:email>datastandardssupport@ugov.gov</ddms:email>
			</ddms:Organization>
		</ddms:pointOfContact>
	</cve:IRM>
	
	<cve:Enumeration ism:ownerProducer="USA" ism:classification="U">
		<Term ism:classification="U" ism:ownerProducer="USA" deprecated="false">
			<Value ism:classification="U" ism:ownerProducer="USA">OADR</Value>
			<ddms:description ism:classification="U" ism:ownerProducer="USA">Source Marked OADR (Originating Agency's Determination Required)</ddms:description>
		</Term>
		<Term ism:classification="U" ism:ownerProducer="USA" deprecated="false">
			<Value ism:classification="U" ism:ownerProducer="USA">X1</Value>
			<ddms:description ism:classification="U" ism:ownerProducer="USA">Source Marked X1</ddms:description>
		</Term>
		<Term ism:classification="U" ism:ownerProducer="USA" deprecated="false">
			<Value ism:classification="U" ism:ownerProducer="USA">X2</Value>
			<ddms:description ism:classification="U" ism:ownerProducer="USA">Source Marked X2</ddms:description>
		</Term>
		<Term ism:classification="U" ism:ownerProducer="USA" deprecated="false">
			<Value ism:classification="U" ism:ownerProducer="USA">X3</Value>
			<ddms:description ism:classification="U" ism:ownerProducer="USA">Source Marked X3</ddms:description>
		</Term>
		<Term ism:classification="U" ism:ownerProducer="USA" deprecated="false">
			<Value ism:classification="U" ism:ownerProducer="USA">X4</Value>
			<ddms:description ism:classification="U" ism:ownerProducer="USA">Source Marked X4</ddms:description>
		</Term>
		<Term ism:classification="U" ism:ownerProducer="USA" deprecated="false">
			<Value ism:classification="U" ism:ownerProducer="USA">X5</Value>
			<ddms:description ism:classification="U" ism:ownerProducer="USA">Source Marked X5</ddms:description>
		</Term>
		<Term ism:classification="U" ism:ownerProducer="USA" deprecated="false">
			<Value ism:classification="U" ism:ownerProducer="USA">X6</Value>
			<ddms:description ism:classification="U" ism:ownerProducer="USA">Source Marked X6</ddms:description>
		</Term>
		<Term ism:classification="U" ism:ownerProducer="USA" deprecated="false">
			<Value ism:classification="U" ism:ownerProducer="USA">X7</Value>
			<ddms:description ism:classification="U" ism:ownerProducer="USA">Source Marked X7</ddms:description>
		</Term>
		<Term ism:classification="U" ism:ownerProducer="USA" deprecated="false">
			<Value ism:classification="U" ism:ownerProducer="USA">X8</Value>
			<ddms:description ism:classification="U" ism:ownerProducer="USA">Source Marked X8</ddms:description>
		</Term>
	</cve:Enumeration>
	
</cve:CVE>
