<?xml version="1.0" encoding="UTF-8"?>
            <cve:CVE xmlns:cve="urn:us:gov:ic:cve:v1"
         xmlns:ddms="http://metadata.dod.mil/mdr/ns/DDMS/2.0/"
         xmlns="urn:us:gov:ic:cve:v1"
         xmlns:ism="urn:us:gov:ic:ism"
         xmlns:xsi="http://www.w3.org/2001/XMLSchema-instance"
         xsi:schemaLocation="urn:us:gov:ic:cve:v1 ../Schema/CVEXml.xsd"
         ism:ownerProducer="USA"
         ism:classification="U"
         ism:DESVersion="2"
         ism:resourceElement="true"
		 ism:createDate="2009-11-19">
 
                <cve:IRM>
                    <ddms:identifier ddms:qualifier="name" ddms:value="urn:us:gov:ic:cvenum:ism:25x:v1"/>
                    <ddms:title ism:ownerProducer="USA" ism:classification="U">CVEnumISM25X</ddms:title>
                    <ddms:description ism:ownerProducer="USA" ism:classification="U">All currently authorized 25X values.</ddms:description>

                    <cve:Created>2009-11-10T12:00:00-04:00</cve:Created>
                    
                    <ddms:source ddms:value="Marking Classified National Security Information Directive No. 1"/>
                    <ddms:pointOfContact>
                        <ddms:Organization>
                            <ddms:name>Office IC CIO</ddms:name>
                            <ddms:email>datastandardssupport@ugov.gov</ddms:email>
                        </ddms:Organization>
                    </ddms:pointOfContact>
                </cve:IRM>
                
                <cve:Enumeration ism:ownerProducer="USA" ism:classification="U">

		<Term ism:classification="U" ism:ownerProducer="USA" deprecated="false">
			<Value ism:classification="U" ism:ownerProducer="USA">25X1</Value>
			<ddms:description ism:classification="U" ism:ownerProducer="USA">Reveal information about the application of an intelligence source or method.</ddms:description>
		</Term>
		<Term ism:classification="U" ism:ownerProducer="USA" deprecated="false">
			<Value ism:classification="U" ism:ownerProducer="USA">25X1-human</Value>
			<ddms:description ism:classification="U" ism:ownerProducer="USA">Reveal the identity of a confidential human source or human intelligence source.</ddms:description>
		</Term>
		<Term ism:classification="U" ism:ownerProducer="USA" deprecated="false">
			<Value ism:classification="U" ism:ownerProducer="USA">25X2</Value>
			<ddms:description ism:classification="U" ism:ownerProducer="USA">Reveal information that would assist in the development or use of weapons of mass destruction.</ddms:description>
		</Term>
		<Term ism:classification="U" ism:ownerProducer="USA" deprecated="false">
			<Value ism:classification="U" ism:ownerProducer="USA">25X3</Value>
			<ddms:description ism:classification="U" ism:ownerProducer="USA">Reveal information that would impair U.S. cryptologic systems or activities.</ddms:description>
		</Term>
		<Term ism:classification="U" ism:ownerProducer="USA" deprecated="false">
			<Value ism:classification="U" ism:ownerProducer="USA">25X4</Value>
			<ddms:description ism:classification="U" ism:ownerProducer="USA">Reveal information that would impair the application of state-of-the-art technology within a U.S. weapon system.</ddms:description>
		</Term>
		<Term ism:classification="U" ism:ownerProducer="USA" deprecated="false">
			<Value ism:classification="U" ism:ownerProducer="USA">25X5</Value>
			<ddms:description ism:classification="U" ism:ownerProducer="USA">Reveal actual U.S. military war plans that remain in effect.</ddms:description>
		</Term>
		<Term ism:classification="U" ism:ownerProducer="USA" deprecated="false">
			<Value ism:classification="U" ism:ownerProducer="USA">25X6</Value>
			<ddms:description ism:classification="U" ism:ownerProducer="USA">Reveal information, including foreign government information, that would seriously and demonstrably impair relations between the United States and a foreign government or seriously and demonstrably undermine ongoing diplomatic activities of the United States.</ddms:description>
		</Term>
		<Term ism:classification="U" ism:ownerProducer="USA" deprecated="false">
			<Value ism:classification="U" ism:ownerProducer="USA">25X7</Value>
			<ddms:description ism:classification="U" ism:ownerProducer="USA">Reveal information that would clearly and demonstrably impair the current ability of United States Government officials to protect the President, Vice President, or other protectees for whom protection services, in the interest of national security, are authorized.</ddms:description>
		</Term>
		<Term ism:classification="U" ism:ownerProducer="USA" deprecated="false">
			<Value ism:classification="U" ism:ownerProducer="USA">25X8</Value>
			<ddms:description ism:classification="U" ism:ownerProducer="USA">Reveal information that would seriously and demonstrably impair current national security emergency preparedness plans or reveal current vulnerabilities of systems, installations, infrastructures, or projects relating to the national security.</ddms:description>
		</Term>
		<Term ism:classification="U" ism:ownerProducer="USA" deprecated="false">
			<Value ism:classification="U" ism:ownerProducer="USA">25X9</Value>
			<ddms:description ism:classification="U" ism:ownerProducer="USA">Violate a statue, treaty, or international agreement.</ddms:description>
		</Term>                    
                </cve:Enumeration>
                
                </cve:CVE>
        