<?xml version="1.0" encoding="UTF-8"?>
            <cve:CVE xmlns:cve="urn:us:gov:ic:cve:v1"
         xmlns:ddms="http://metadata.dod.mil/mdr/ns/DDMS/2.0/"
         xmlns="urn:us:gov:ic:cve:v1"
         xmlns:ism="urn:us:gov:ic:ism"
         xmlns:xsi="http://www.w3.org/2001/XMLSchema-instance"
         xsi:schemaLocation="urn:us:gov:ic:cve:v1 ../Schema/CVEXml.xsd"
         ism:ownerProducer="USA"
         ism:classification="U"
         ism:DESVersion="2"
         ism:resourceElement="true"
		 ism:createDate="2009-11-19">

                <cve:IRM>
                    <ddms:identifier ddms:qualifier="name"
                       ddms:value="urn:us:gov:ic:cvenum:ism:ownerproducer:v1"/>
                    <ddms:title ism:ownerProducer="USA" ism:classification="U">CVEnumISMOwnerProducer</ddms:title>
                    <ddms:description ism:ownerProducer="USA" ism:classification="U">FGI followed by all currently valid ISO Trigraphs in alphabetical order by Trigraph, 
            followed by all currently valid CAPCO Coalition tetragraphs in alphabetical order by tetragraph.</ddms:description>

                    <cve:Created>2009-11-12T12:00:00-04:00</cve:Created>
                    
                    <ddms:source ddms:value="CAPCO Register Appendix A"/>
      <ddms:source ddms:value="ISO 3166"/>
                    <ddms:pointOfContact>
                        <ddms:Organization>
                            <ddms:name>Office IC CIO</ddms:name>
                            <ddms:email>datastandardssupport@ugov.gov</ddms:email>
                        </ddms:Organization>
                    </ddms:pointOfContact>
                </cve:IRM>
                
                <cve:Enumeration ism:ownerProducer="USA" ism:classification="U">

		<Term ism:classification="U" ism:ownerProducer="USA" deprecated="false" >
			<Value ism:classification="U" ism:ownerProducer="USA">FGI</Value>
			<ddms:description ism:classification="U" ism:ownerProducer="USA">Foreign Government Information</ddms:description>
		</Term>
		<Term ism:classification="U" ism:ownerProducer="USA" deprecated="false">
			<Value ism:classification="U" ism:ownerProducer="USA">ABW</Value>
			<ddms:description ism:classification="U" ism:ownerProducer="USA">Trigraph for Aruba</ddms:description>
		</Term>
		<Term ism:classification="U" ism:ownerProducer="USA" deprecated="false">
			<Value ism:classification="U" ism:ownerProducer="USA">AFG</Value>
			<ddms:description ism:classification="U" ism:ownerProducer="USA">Trigraph for Afghanistan</ddms:description>
		</Term>
		<Term ism:classification="U" ism:ownerProducer="USA" deprecated="false">
			<Value ism:classification="U" ism:ownerProducer="USA">AGO</Value>
			<ddms:description ism:classification="U" ism:ownerProducer="USA">Trigraph for Angola</ddms:description>
		</Term>
		<Term ism:classification="U" ism:ownerProducer="USA" deprecated="false">
			<Value ism:classification="U" ism:ownerProducer="USA">AIA</Value>
			<ddms:description ism:classification="U" ism:ownerProducer="USA">Trigraph for Anguilla</ddms:description>
		</Term>
		<Term ism:classification="U" ism:ownerProducer="USA" deprecated="false">
			<Value ism:classification="U" ism:ownerProducer="USA">ALA</Value>
			<ddms:description ism:classification="U" ism:ownerProducer="USA">Trigraph for Åland Islands</ddms:description>
		</Term>
		<Term ism:classification="U" ism:ownerProducer="USA" deprecated="false">
			<Value ism:classification="U" ism:ownerProducer="USA">ALB</Value>
			<ddms:description ism:classification="U" ism:ownerProducer="USA">Trigraph for Albania</ddms:description>
		</Term>
		<Term ism:classification="U" ism:ownerProducer="USA" deprecated="false">
			<Value ism:classification="U" ism:ownerProducer="USA">AND</Value>
			<ddms:description ism:classification="U" ism:ownerProducer="USA">Trigraph for Andorra</ddms:description>
		</Term>
		<Term ism:classification="U" ism:ownerProducer="USA" deprecated="false">
			<Value ism:classification="U" ism:ownerProducer="USA">ANT</Value>
			<ddms:description ism:classification="U" ism:ownerProducer="USA">Trigraph for Netherlands Antilles</ddms:description>
		</Term>
		<Term ism:classification="U" ism:ownerProducer="USA" deprecated="false">
			<Value ism:classification="U" ism:ownerProducer="USA">ARE</Value>
			<ddms:description ism:classification="U" ism:ownerProducer="USA">Trigraph for United Arab Emirates</ddms:description>
		</Term>
		<Term ism:classification="U" ism:ownerProducer="USA" deprecated="false">
			<Value ism:classification="U" ism:ownerProducer="USA">ARG</Value>
			<ddms:description ism:classification="U" ism:ownerProducer="USA">Trigraph for Argentina</ddms:description>
		</Term>
		<Term ism:classification="U" ism:ownerProducer="USA" deprecated="false">
			<Value ism:classification="U" ism:ownerProducer="USA">ARM</Value>
			<ddms:description ism:classification="U" ism:ownerProducer="USA">Trigraph for Armenia</ddms:description>
		</Term>
		<Term ism:classification="U" ism:ownerProducer="USA" deprecated="false">
			<Value ism:classification="U" ism:ownerProducer="USA">ASM</Value>
			<ddms:description ism:classification="U" ism:ownerProducer="USA">Trigraph for American Samoa</ddms:description>
		</Term>
		<Term ism:classification="U" ism:ownerProducer="USA" deprecated="false">
			<Value ism:classification="U" ism:ownerProducer="USA">ATA</Value>
			<ddms:description ism:classification="U" ism:ownerProducer="USA">Trigraph for Antarctica</ddms:description>
		</Term>
		<Term ism:classification="U" ism:ownerProducer="USA" deprecated="false">
			<Value ism:classification="U" ism:ownerProducer="USA">ATF</Value>
			<ddms:description ism:classification="U" ism:ownerProducer="USA">Trigraph for French Southern Territories</ddms:description>
		</Term>
		<Term ism:classification="U" ism:ownerProducer="USA" deprecated="false">
			<Value ism:classification="U" ism:ownerProducer="USA">ATG</Value>
			<ddms:description ism:classification="U" ism:ownerProducer="USA">Trigraph for Antigua and Barbuda</ddms:description>
		</Term>
		<Term ism:classification="U" ism:ownerProducer="USA" deprecated="false">
			<Value ism:classification="U" ism:ownerProducer="USA">AUS</Value>
			<ddms:description ism:classification="U" ism:ownerProducer="USA">Trigraph for Australia</ddms:description>
		</Term>
		<Term ism:classification="U" ism:ownerProducer="USA" deprecated="false">
			<Value ism:classification="U" ism:ownerProducer="USA">AUT</Value>
			<ddms:description ism:classification="U" ism:ownerProducer="USA">Trigraph for Austria</ddms:description>
		</Term>
		<Term ism:classification="U" ism:ownerProducer="USA" deprecated="false">
			<Value ism:classification="U" ism:ownerProducer="USA">AZE</Value>
			<ddms:description ism:classification="U" ism:ownerProducer="USA">Trigraph for Azerbaijan</ddms:description>
		</Term>
		<Term ism:classification="U" ism:ownerProducer="USA" deprecated="false">
			<Value ism:classification="U" ism:ownerProducer="USA">BDI</Value>
			<ddms:description ism:classification="U" ism:ownerProducer="USA">Trigraph for Burundi</ddms:description>
		</Term>
		<Term ism:classification="U" ism:ownerProducer="USA" deprecated="false">
			<Value ism:classification="U" ism:ownerProducer="USA">BEL</Value>
			<ddms:description ism:classification="U" ism:ownerProducer="USA">Trigraph for Belgium</ddms:description>
		</Term>
		<Term ism:classification="U" ism:ownerProducer="USA" deprecated="false">
			<Value ism:classification="U" ism:ownerProducer="USA">BEN</Value>
			<ddms:description ism:classification="U" ism:ownerProducer="USA">Trigraph for Benin</ddms:description>
		</Term>
		<Term ism:classification="U" ism:ownerProducer="USA" deprecated="false">
			<Value ism:classification="U" ism:ownerProducer="USA">BFA</Value>
			<ddms:description ism:classification="U" ism:ownerProducer="USA">Trigraph for Burkina Faso</ddms:description>
		</Term>
		<Term ism:classification="U" ism:ownerProducer="USA" deprecated="false">
			<Value ism:classification="U" ism:ownerProducer="USA">BGD</Value>
			<ddms:description ism:classification="U" ism:ownerProducer="USA">Trigraph for Bangladesh</ddms:description>
		</Term>
		<Term ism:classification="U" ism:ownerProducer="USA" deprecated="false">
			<Value ism:classification="U" ism:ownerProducer="USA">BGR</Value>
			<ddms:description ism:classification="U" ism:ownerProducer="USA">Trigraph for Bulgaria</ddms:description>
		</Term>
		<Term ism:classification="U" ism:ownerProducer="USA" deprecated="false">
			<Value ism:classification="U" ism:ownerProducer="USA">BHR</Value>
			<ddms:description ism:classification="U" ism:ownerProducer="USA">Trigraph for Bahrain</ddms:description>
		</Term>
		<Term ism:classification="U" ism:ownerProducer="USA" deprecated="false">
			<Value ism:classification="U" ism:ownerProducer="USA">BHS</Value>
			<ddms:description ism:classification="U" ism:ownerProducer="USA">Trigraph for Bahamas</ddms:description>
		</Term>
		<Term ism:classification="U" ism:ownerProducer="USA" deprecated="false">
			<Value ism:classification="U" ism:ownerProducer="USA">BIH</Value>
			<ddms:description ism:classification="U" ism:ownerProducer="USA">Trigraph for Bosnia and Herzegovina</ddms:description>
		</Term>
		<Term ism:classification="U" ism:ownerProducer="USA" deprecated="false">
			<Value ism:classification="U" ism:ownerProducer="USA">BLM</Value>
			<ddms:description ism:classification="U" ism:ownerProducer="USA">Trigraph for Saint Barthélemy</ddms:description>
		</Term>
		<Term ism:classification="U" ism:ownerProducer="USA" deprecated="false">
			<Value ism:classification="U" ism:ownerProducer="USA">BLR</Value>
			<ddms:description ism:classification="U" ism:ownerProducer="USA">Trigraph for Belarus</ddms:description>
		</Term>
		<Term ism:classification="U" ism:ownerProducer="USA" deprecated="false">
			<Value ism:classification="U" ism:ownerProducer="USA">BLZ</Value>
			<ddms:description ism:classification="U" ism:ownerProducer="USA">Trigraph for Belize</ddms:description>
		</Term>
		<Term ism:classification="U" ism:ownerProducer="USA" deprecated="false">
			<Value ism:classification="U" ism:ownerProducer="USA">BMU</Value>
			<ddms:description ism:classification="U" ism:ownerProducer="USA">Trigraph for Bermuda</ddms:description>
		</Term>
		<Term ism:classification="U" ism:ownerProducer="USA" deprecated="false">
			<Value ism:classification="U" ism:ownerProducer="USA">BOL</Value>
			<ddms:description ism:classification="U" ism:ownerProducer="USA">Trigraph for Bolivia</ddms:description>
		</Term>
		<Term ism:classification="U" ism:ownerProducer="USA" deprecated="false">
			<Value ism:classification="U" ism:ownerProducer="USA">BRA</Value>
			<ddms:description ism:classification="U" ism:ownerProducer="USA">Trigraph for Brazil</ddms:description>
		</Term>
		<Term ism:classification="U" ism:ownerProducer="USA" deprecated="false">
			<Value ism:classification="U" ism:ownerProducer="USA">BRB</Value>
			<ddms:description ism:classification="U" ism:ownerProducer="USA">Trigraph for Barbados</ddms:description>
		</Term>
		<Term ism:classification="U" ism:ownerProducer="USA" deprecated="false">
			<Value ism:classification="U" ism:ownerProducer="USA">BRN</Value>
			<ddms:description ism:classification="U" ism:ownerProducer="USA">Trigraph for Brunei Darussalam</ddms:description>
		</Term>
		<Term ism:classification="U" ism:ownerProducer="USA" deprecated="false">
			<Value ism:classification="U" ism:ownerProducer="USA">BTN</Value>
			<ddms:description ism:classification="U" ism:ownerProducer="USA">Trigraph for Bhutan</ddms:description>
		</Term>
		<Term ism:classification="U" ism:ownerProducer="USA" deprecated="false">
			<Value ism:classification="U" ism:ownerProducer="USA">BVT</Value>
			<ddms:description ism:classification="U" ism:ownerProducer="USA">Trigraph for Bouvet Island</ddms:description>
		</Term>
		<Term ism:classification="U" ism:ownerProducer="USA" deprecated="false">
			<Value ism:classification="U" ism:ownerProducer="USA">BWA</Value>
			<ddms:description ism:classification="U" ism:ownerProducer="USA">Trigraph for Botswana</ddms:description>
		</Term>
		<Term ism:classification="U" ism:ownerProducer="USA" deprecated="false">
			<Value ism:classification="U" ism:ownerProducer="USA">CAF</Value>
			<ddms:description ism:classification="U" ism:ownerProducer="USA">Trigraph for Central African Republic</ddms:description>
		</Term>
		<Term ism:classification="U" ism:ownerProducer="USA" deprecated="false">
			<Value ism:classification="U" ism:ownerProducer="USA">CAN</Value>
			<ddms:description ism:classification="U" ism:ownerProducer="USA">Trigraph for Canada</ddms:description>
		</Term>
		<Term ism:classification="U" ism:ownerProducer="USA" deprecated="false">
			<Value ism:classification="U" ism:ownerProducer="USA">CCK</Value>
			<ddms:description ism:classification="U" ism:ownerProducer="USA">Trigraph for Cocos (Keeling) Islands</ddms:description>
		</Term>
		<Term ism:classification="U" ism:ownerProducer="USA" deprecated="false">
			<Value ism:classification="U" ism:ownerProducer="USA">CHE</Value>
			<ddms:description ism:classification="U" ism:ownerProducer="USA">Trigraph for Switzerland</ddms:description>
		</Term>
		<Term ism:classification="U" ism:ownerProducer="USA" deprecated="false">
			<Value ism:classification="U" ism:ownerProducer="USA">CHL</Value>
			<ddms:description ism:classification="U" ism:ownerProducer="USA">Trigraph for Chile</ddms:description>
		</Term>
		<Term ism:classification="U" ism:ownerProducer="USA" deprecated="false">
			<Value ism:classification="U" ism:ownerProducer="USA">CHN</Value>
			<ddms:description ism:classification="U" ism:ownerProducer="USA">Trigraph for China</ddms:description>
		</Term>
		<Term ism:classification="U" ism:ownerProducer="USA" deprecated="false">
			<Value ism:classification="U" ism:ownerProducer="USA">CIV</Value>
			<ddms:description ism:classification="U" ism:ownerProducer="USA">Trigraph for Côte d'Ivoire</ddms:description>
		</Term>
		<Term ism:classification="U" ism:ownerProducer="USA" deprecated="false">
			<Value ism:classification="U" ism:ownerProducer="USA">CMR</Value>
			<ddms:description ism:classification="U" ism:ownerProducer="USA">Trigraph for Cameroon</ddms:description>
		</Term>
		<Term ism:classification="U" ism:ownerProducer="USA" deprecated="false">
			<Value ism:classification="U" ism:ownerProducer="USA">COD</Value>
			<ddms:description ism:classification="U" ism:ownerProducer="USA">Trigraph for Congo, The Democratic Republic of the</ddms:description>
		</Term>
		<Term ism:classification="U" ism:ownerProducer="USA" deprecated="false">
			<Value ism:classification="U" ism:ownerProducer="USA">COG</Value>
			<ddms:description ism:classification="U" ism:ownerProducer="USA">Trigraph for Congo</ddms:description>
		</Term>
		<Term ism:classification="U" ism:ownerProducer="USA" deprecated="false">
			<Value ism:classification="U" ism:ownerProducer="USA">COK</Value>
			<ddms:description ism:classification="U" ism:ownerProducer="USA">Trigraph for Cook Islands</ddms:description>
		</Term>
		<Term ism:classification="U" ism:ownerProducer="USA" deprecated="false">
			<Value ism:classification="U" ism:ownerProducer="USA">COL</Value>
			<ddms:description ism:classification="U" ism:ownerProducer="USA">Trigraph for Colombia</ddms:description>
		</Term>
		<Term ism:classification="U" ism:ownerProducer="USA" deprecated="false">
			<Value ism:classification="U" ism:ownerProducer="USA">COM</Value>
			<ddms:description ism:classification="U" ism:ownerProducer="USA">Trigraph for Comoros</ddms:description>
		</Term>
		<Term ism:classification="U" ism:ownerProducer="USA" deprecated="false">
			<Value ism:classification="U" ism:ownerProducer="USA">CPV</Value>
			<ddms:description ism:classification="U" ism:ownerProducer="USA">Trigraph for Cape Verde</ddms:description>
		</Term>
		<Term ism:classification="U" ism:ownerProducer="USA" deprecated="false">
			<Value ism:classification="U" ism:ownerProducer="USA">CRI</Value>
			<ddms:description ism:classification="U" ism:ownerProducer="USA">Trigraph for Costa Rica</ddms:description>
		</Term>
		<Term ism:classification="U" ism:ownerProducer="USA" deprecated="false">
			<Value ism:classification="U" ism:ownerProducer="USA">CUB</Value>
			<ddms:description ism:classification="U" ism:ownerProducer="USA">Trigraph for Cuba</ddms:description>
		</Term>
		<Term ism:classification="U" ism:ownerProducer="USA" deprecated="false">
			<Value ism:classification="U" ism:ownerProducer="USA">CXR</Value>
			<ddms:description ism:classification="U" ism:ownerProducer="USA">Trigraph for Christmas Island</ddms:description>
		</Term>
		<Term ism:classification="U" ism:ownerProducer="USA" deprecated="false">
			<Value ism:classification="U" ism:ownerProducer="USA">CYM</Value>
			<ddms:description ism:classification="U" ism:ownerProducer="USA">Trigraph for Cayman Islands</ddms:description>
		</Term>
		<Term ism:classification="U" ism:ownerProducer="USA" deprecated="false">
			<Value ism:classification="U" ism:ownerProducer="USA">CYP</Value>
			<ddms:description ism:classification="U" ism:ownerProducer="USA">Trigraph for Cyprus</ddms:description>
		</Term>
		<Term ism:classification="U" ism:ownerProducer="USA" deprecated="false">
			<Value ism:classification="U" ism:ownerProducer="USA">CZE</Value>
			<ddms:description ism:classification="U" ism:ownerProducer="USA">Trigraph for Czech Republic</ddms:description>
		</Term>
		<Term ism:classification="U" ism:ownerProducer="USA" deprecated="false">
			<Value ism:classification="U" ism:ownerProducer="USA">DEU</Value>
			<ddms:description ism:classification="U" ism:ownerProducer="USA">Trigraph for Germany</ddms:description>
		</Term>
		<Term ism:classification="U" ism:ownerProducer="USA" deprecated="false">
			<Value ism:classification="U" ism:ownerProducer="USA">DJI</Value>
			<ddms:description ism:classification="U" ism:ownerProducer="USA">Trigraph for Djibouti</ddms:description>
		</Term>
		<Term ism:classification="U" ism:ownerProducer="USA" deprecated="false">
			<Value ism:classification="U" ism:ownerProducer="USA">DMA</Value>
			<ddms:description ism:classification="U" ism:ownerProducer="USA">Trigraph for Dominica</ddms:description>
		</Term>
		<Term ism:classification="U" ism:ownerProducer="USA" deprecated="false">
			<Value ism:classification="U" ism:ownerProducer="USA">DNK</Value>
			<ddms:description ism:classification="U" ism:ownerProducer="USA">Trigraph for Denmark</ddms:description>
		</Term>
		<Term ism:classification="U" ism:ownerProducer="USA" deprecated="false">
			<Value ism:classification="U" ism:ownerProducer="USA">DOM</Value>
			<ddms:description ism:classification="U" ism:ownerProducer="USA">Trigraph for Dominican Republic</ddms:description>
		</Term>
		<Term ism:classification="U" ism:ownerProducer="USA" deprecated="false">
			<Value ism:classification="U" ism:ownerProducer="USA">DZA</Value>
			<ddms:description ism:classification="U" ism:ownerProducer="USA">Trigraph for Algeria</ddms:description>
		</Term>
		<Term ism:classification="U" ism:ownerProducer="USA" deprecated="false">
			<Value ism:classification="U" ism:ownerProducer="USA">ECU</Value>
			<ddms:description ism:classification="U" ism:ownerProducer="USA">Trigraph for Eucador</ddms:description>
		</Term>
		<Term ism:classification="U" ism:ownerProducer="USA" deprecated="false">
			<Value ism:classification="U" ism:ownerProducer="USA">EGY</Value>
			<ddms:description ism:classification="U" ism:ownerProducer="USA">Trigraph for Egypt</ddms:description>
		</Term>
		<Term ism:classification="U" ism:ownerProducer="USA" deprecated="false">
			<Value ism:classification="U" ism:ownerProducer="USA">ERI</Value>
			<ddms:description ism:classification="U" ism:ownerProducer="USA">Trigraph for Eritrea</ddms:description>
		</Term>
		<Term ism:classification="U" ism:ownerProducer="USA" deprecated="false">
			<Value ism:classification="U" ism:ownerProducer="USA">ESH</Value>
			<ddms:description ism:classification="U" ism:ownerProducer="USA">Trigraph for Western Sahara</ddms:description>
		</Term>
		<Term ism:classification="U" ism:ownerProducer="USA" deprecated="false">
			<Value ism:classification="U" ism:ownerProducer="USA">ESP</Value>
			<ddms:description ism:classification="U" ism:ownerProducer="USA">Trigraph for Spain</ddms:description>
		</Term>
		<Term ism:classification="U" ism:ownerProducer="USA" deprecated="false">
			<Value ism:classification="U" ism:ownerProducer="USA">EST</Value>
			<ddms:description ism:classification="U" ism:ownerProducer="USA">Trigraph for Estonia</ddms:description>
		</Term>
		<Term ism:classification="U" ism:ownerProducer="USA" deprecated="false">
			<Value ism:classification="U" ism:ownerProducer="USA">ETH</Value>
			<ddms:description ism:classification="U" ism:ownerProducer="USA">Trigraph for Ethiopia</ddms:description>
		</Term>
		<Term ism:classification="U" ism:ownerProducer="USA" deprecated="false">
			<Value ism:classification="U" ism:ownerProducer="USA">FIN</Value>
			<ddms:description ism:classification="U" ism:ownerProducer="USA">Trigraph for Finland</ddms:description>
		</Term>
		<Term ism:classification="U" ism:ownerProducer="USA" deprecated="false">
			<Value ism:classification="U" ism:ownerProducer="USA">FJI</Value>
			<ddms:description ism:classification="U" ism:ownerProducer="USA">Trigraph for Fiji</ddms:description>
		</Term>
		<Term ism:classification="U" ism:ownerProducer="USA" deprecated="false">
			<Value ism:classification="U" ism:ownerProducer="USA">FLK</Value>
			<ddms:description ism:classification="U" ism:ownerProducer="USA">Trigraph for Falkland Islands (Malvinas)</ddms:description>
		</Term>
		<Term ism:classification="U" ism:ownerProducer="USA" deprecated="false">
			<Value ism:classification="U" ism:ownerProducer="USA">FRA</Value>
			<ddms:description ism:classification="U" ism:ownerProducer="USA">Trigraph for France</ddms:description>
		</Term>
		<Term ism:classification="U" ism:ownerProducer="USA" deprecated="false">
			<Value ism:classification="U" ism:ownerProducer="USA">FRO</Value>
			<ddms:description ism:classification="U" ism:ownerProducer="USA">Trigraph for Faroe Islands</ddms:description>
		</Term>
		<Term ism:classification="U" ism:ownerProducer="USA" deprecated="false">
			<Value ism:classification="U" ism:ownerProducer="USA">FSM</Value>
			<ddms:description ism:classification="U" ism:ownerProducer="USA">Trigraph for Micronesia, Federated States of</ddms:description>
		</Term>
		<Term ism:classification="U" ism:ownerProducer="USA" deprecated="false">
			<Value ism:classification="U" ism:ownerProducer="USA">GAB</Value>
			<ddms:description ism:classification="U" ism:ownerProducer="USA">Trigraph for Gabon</ddms:description>
		</Term>
		<Term ism:classification="U" ism:ownerProducer="USA" deprecated="false">
			<Value ism:classification="U" ism:ownerProducer="USA">GBR</Value>
			<ddms:description ism:classification="U" ism:ownerProducer="USA">Trigraph for United Kingdom</ddms:description>
		</Term>
		<Term ism:classification="U" ism:ownerProducer="USA" deprecated="false">
			<Value ism:classification="U" ism:ownerProducer="USA">GEO</Value>
			<ddms:description ism:classification="U" ism:ownerProducer="USA">Trigraph for Georgia</ddms:description>
		</Term>
		<Term ism:classification="U" ism:ownerProducer="USA" deprecated="false">
			<Value ism:classification="U" ism:ownerProducer="USA">GGY</Value>
			<ddms:description ism:classification="U" ism:ownerProducer="USA">Trigraph for Guernsey</ddms:description>
		</Term>
		<Term ism:classification="U" ism:ownerProducer="USA" deprecated="false">
			<Value ism:classification="U" ism:ownerProducer="USA">GHA</Value>
			<ddms:description ism:classification="U" ism:ownerProducer="USA">Trigraph for Ghana</ddms:description>
		</Term>
		<Term ism:classification="U" ism:ownerProducer="USA" deprecated="false">
			<Value ism:classification="U" ism:ownerProducer="USA">GIB</Value>
			<ddms:description ism:classification="U" ism:ownerProducer="USA">Trigraph for Gibraltar</ddms:description>
		</Term>
		<Term ism:classification="U" ism:ownerProducer="USA" deprecated="false">
			<Value ism:classification="U" ism:ownerProducer="USA">GIN</Value>
			<ddms:description ism:classification="U" ism:ownerProducer="USA">Trigraph for Guinea</ddms:description>
		</Term>
		<Term ism:classification="U" ism:ownerProducer="USA" deprecated="false">
			<Value ism:classification="U" ism:ownerProducer="USA">GLP</Value>
			<ddms:description ism:classification="U" ism:ownerProducer="USA">Trigraph for Guadeloupe</ddms:description>
		</Term>
		<Term ism:classification="U" ism:ownerProducer="USA" deprecated="false">
			<Value ism:classification="U" ism:ownerProducer="USA">GMB</Value>
			<ddms:description ism:classification="U" ism:ownerProducer="USA">Trigraph for Gambia</ddms:description>
		</Term>
		<Term ism:classification="U" ism:ownerProducer="USA" deprecated="false">
			<Value ism:classification="U" ism:ownerProducer="USA">GNB</Value>
			<ddms:description ism:classification="U" ism:ownerProducer="USA">Trigraph for Guinea-Bissau</ddms:description>
		</Term>
		<Term ism:classification="U" ism:ownerProducer="USA" deprecated="false">
			<Value ism:classification="U" ism:ownerProducer="USA">GNQ</Value>
			<ddms:description ism:classification="U" ism:ownerProducer="USA">Trigraph for Equatorial Guinea</ddms:description>
		</Term>
		<Term ism:classification="U" ism:ownerProducer="USA" deprecated="false">
			<Value ism:classification="U" ism:ownerProducer="USA">GRC</Value>
			<ddms:description ism:classification="U" ism:ownerProducer="USA">Trigraph for Greece</ddms:description>
		</Term>
		<Term ism:classification="U" ism:ownerProducer="USA" deprecated="false">
			<Value ism:classification="U" ism:ownerProducer="USA">GRD</Value>
			<ddms:description ism:classification="U" ism:ownerProducer="USA">Trigraph for Grenada</ddms:description>
		</Term>
		<Term ism:classification="U" ism:ownerProducer="USA" deprecated="false">
			<Value ism:classification="U" ism:ownerProducer="USA">GRL</Value>
			<ddms:description ism:classification="U" ism:ownerProducer="USA">Trigraph for Greenland</ddms:description>
		</Term>
		<Term ism:classification="U" ism:ownerProducer="USA" deprecated="false">
			<Value ism:classification="U" ism:ownerProducer="USA">GTM</Value>
			<ddms:description ism:classification="U" ism:ownerProducer="USA">Trigraph for Guatemala</ddms:description>
		</Term>
		<Term ism:classification="U" ism:ownerProducer="USA" deprecated="false">
			<Value ism:classification="U" ism:ownerProducer="USA">GUF</Value>
			<ddms:description ism:classification="U" ism:ownerProducer="USA">Trigraph for French Guiana</ddms:description>
		</Term>
		<Term ism:classification="U" ism:ownerProducer="USA" deprecated="false">
			<Value ism:classification="U" ism:ownerProducer="USA">GUM</Value>
			<ddms:description ism:classification="U" ism:ownerProducer="USA">Trigraph for Guam</ddms:description>
		</Term>
		<Term ism:classification="U" ism:ownerProducer="USA" deprecated="false">
			<Value ism:classification="U" ism:ownerProducer="USA">GUY</Value>
			<ddms:description ism:classification="U" ism:ownerProducer="USA">Trigraph for Guyana</ddms:description>
		</Term>
		<Term ism:classification="U" ism:ownerProducer="USA" deprecated="false">
			<Value ism:classification="U" ism:ownerProducer="USA">HKG</Value>
			<ddms:description ism:classification="U" ism:ownerProducer="USA">Trigraph for Hong Kong</ddms:description>
		</Term>
		<Term ism:classification="U" ism:ownerProducer="USA" deprecated="false">
			<Value ism:classification="U" ism:ownerProducer="USA">HMD</Value>
			<ddms:description ism:classification="U" ism:ownerProducer="USA">Trigraph for Heard Island and McDonald Islands</ddms:description>
		</Term>
		<Term ism:classification="U" ism:ownerProducer="USA" deprecated="false">
			<Value ism:classification="U" ism:ownerProducer="USA">HND</Value>
			<ddms:description ism:classification="U" ism:ownerProducer="USA">Trigraph for Honduras</ddms:description>
		</Term>
		<Term ism:classification="U" ism:ownerProducer="USA" deprecated="false">
			<Value ism:classification="U" ism:ownerProducer="USA">HRV</Value>
			<ddms:description ism:classification="U" ism:ownerProducer="USA">Trigraph for Croatia</ddms:description>
		</Term>
		<Term ism:classification="U" ism:ownerProducer="USA" deprecated="false">
			<Value ism:classification="U" ism:ownerProducer="USA">HTI</Value>
			<ddms:description ism:classification="U" ism:ownerProducer="USA">Trigraph for Haiti</ddms:description>
		</Term>
		<Term ism:classification="U" ism:ownerProducer="USA" deprecated="false">
			<Value ism:classification="U" ism:ownerProducer="USA">HUN</Value>
			<ddms:description ism:classification="U" ism:ownerProducer="USA">Trigraph for Hungary</ddms:description>
		</Term>
		<Term ism:classification="U" ism:ownerProducer="USA" deprecated="false">
			<Value ism:classification="U" ism:ownerProducer="USA">IDN</Value>
			<ddms:description ism:classification="U" ism:ownerProducer="USA">Trigraph for Indonesia</ddms:description>
		</Term>
		<Term ism:classification="U" ism:ownerProducer="USA" deprecated="false">
			<Value ism:classification="U" ism:ownerProducer="USA">IMN</Value>
			<ddms:description ism:classification="U" ism:ownerProducer="USA">Trigraph for Isle of Man</ddms:description>
		</Term>
		<Term ism:classification="U" ism:ownerProducer="USA" deprecated="false">
			<Value ism:classification="U" ism:ownerProducer="USA">IND</Value>
			<ddms:description ism:classification="U" ism:ownerProducer="USA">Trigraph for India</ddms:description>
		</Term>
		<Term ism:classification="U" ism:ownerProducer="USA" deprecated="false">
			<Value ism:classification="U" ism:ownerProducer="USA">IOT</Value>
			<ddms:description ism:classification="U" ism:ownerProducer="USA">Trigraph for British Indian Ocean Territory</ddms:description>
		</Term>
		<Term ism:classification="U" ism:ownerProducer="USA" deprecated="false">
			<Value ism:classification="U" ism:ownerProducer="USA">IRL</Value>
			<ddms:description ism:classification="U" ism:ownerProducer="USA">Trigraph for Ireland</ddms:description>
		</Term>
		<Term ism:classification="U" ism:ownerProducer="USA" deprecated="false">
			<Value ism:classification="U" ism:ownerProducer="USA">IRN</Value>
			<ddms:description ism:classification="U" ism:ownerProducer="USA">Trigraph for Iran, Islamic Republic of</ddms:description>
		</Term>
		<Term ism:classification="U" ism:ownerProducer="USA" deprecated="false">
			<Value ism:classification="U" ism:ownerProducer="USA">IRQ</Value>
			<ddms:description ism:classification="U" ism:ownerProducer="USA">Trigraph for Iraq</ddms:description>
		</Term>
		<Term ism:classification="U" ism:ownerProducer="USA" deprecated="false">
			<Value ism:classification="U" ism:ownerProducer="USA">ISL</Value>
			<ddms:description ism:classification="U" ism:ownerProducer="USA">Trigraph for Iceland</ddms:description>
		</Term>
		<Term ism:classification="U" ism:ownerProducer="USA" deprecated="false">
			<Value ism:classification="U" ism:ownerProducer="USA">ISR</Value>
			<ddms:description ism:classification="U" ism:ownerProducer="USA">Trigraph for Israel</ddms:description>
		</Term>
		<Term ism:classification="U" ism:ownerProducer="USA" deprecated="false">
			<Value ism:classification="U" ism:ownerProducer="USA">ITA</Value>
			<ddms:description ism:classification="U" ism:ownerProducer="USA">Trigraph for Italy</ddms:description>
		</Term>
		<Term ism:classification="U" ism:ownerProducer="USA" deprecated="false">
			<Value ism:classification="U" ism:ownerProducer="USA">JAM</Value>
			<ddms:description ism:classification="U" ism:ownerProducer="USA">Trigraph for Jamaica</ddms:description>
		</Term>
		<Term ism:classification="U" ism:ownerProducer="USA" deprecated="false">
			<Value ism:classification="U" ism:ownerProducer="USA">JEY</Value>
			<ddms:description ism:classification="U" ism:ownerProducer="USA">Trigraph for Jersey</ddms:description>
		</Term>
		<Term ism:classification="U" ism:ownerProducer="USA" deprecated="false">
			<Value ism:classification="U" ism:ownerProducer="USA">JOR</Value>
			<ddms:description ism:classification="U" ism:ownerProducer="USA">Trigraph for Jordan</ddms:description>
		</Term>
		<Term ism:classification="U" ism:ownerProducer="USA" deprecated="false">
			<Value ism:classification="U" ism:ownerProducer="USA">JPN</Value>
			<ddms:description ism:classification="U" ism:ownerProducer="USA">Trigraph for Japan</ddms:description>
		</Term>
		<Term ism:classification="U" ism:ownerProducer="USA" deprecated="false">
			<Value ism:classification="U" ism:ownerProducer="USA">KAZ</Value>
			<ddms:description ism:classification="U" ism:ownerProducer="USA">Trigraph for Kazakhstan</ddms:description>
		</Term>
		<Term ism:classification="U" ism:ownerProducer="USA" deprecated="false">
			<Value ism:classification="U" ism:ownerProducer="USA">KEN</Value>
			<ddms:description ism:classification="U" ism:ownerProducer="USA">Trigraph for Kenya</ddms:description>
		</Term>
		<Term ism:classification="U" ism:ownerProducer="USA" deprecated="false">
			<Value ism:classification="U" ism:ownerProducer="USA">KGZ</Value>
			<ddms:description ism:classification="U" ism:ownerProducer="USA">Trigraph for Kyrgyzstan</ddms:description>
		</Term>
		<Term ism:classification="U" ism:ownerProducer="USA" deprecated="false">
			<Value ism:classification="U" ism:ownerProducer="USA">KHM</Value>
			<ddms:description ism:classification="U" ism:ownerProducer="USA">Trigraph for Cambodia</ddms:description>
		</Term>
		<Term ism:classification="U" ism:ownerProducer="USA" deprecated="false">
			<Value ism:classification="U" ism:ownerProducer="USA">KIR</Value>
			<ddms:description ism:classification="U" ism:ownerProducer="USA">Trigraph for Kiribati</ddms:description>
		</Term>
		<Term ism:classification="U" ism:ownerProducer="USA" deprecated="false">
			<Value ism:classification="U" ism:ownerProducer="USA">KNA</Value>
			<ddms:description ism:classification="U" ism:ownerProducer="USA">Trigraph for Saint Kitts and Nevis</ddms:description>
		</Term>
		<Term ism:classification="U" ism:ownerProducer="USA" deprecated="false">
			<Value ism:classification="U" ism:ownerProducer="USA">KOR</Value>
			<ddms:description ism:classification="U" ism:ownerProducer="USA">Trigraph for Korea, Republic of</ddms:description>
		</Term>
		<Term ism:classification="U" ism:ownerProducer="USA" deprecated="false">
			<Value ism:classification="U" ism:ownerProducer="USA">KWT</Value>
			<ddms:description ism:classification="U" ism:ownerProducer="USA">Trigraph for Kuwait</ddms:description>
		</Term>
		<Term ism:classification="U" ism:ownerProducer="USA" deprecated="false">
			<Value ism:classification="U" ism:ownerProducer="USA">LAO</Value>
			<ddms:description ism:classification="U" ism:ownerProducer="USA">Trigraph for Lao People's Democratic Republic</ddms:description>
		</Term>
		<Term ism:classification="U" ism:ownerProducer="USA" deprecated="false">
			<Value ism:classification="U" ism:ownerProducer="USA">LBN</Value>
			<ddms:description ism:classification="U" ism:ownerProducer="USA">Trigraph for Lebanon</ddms:description>
		</Term>
		<Term ism:classification="U" ism:ownerProducer="USA" deprecated="false">
			<Value ism:classification="U" ism:ownerProducer="USA">LBR</Value>
			<ddms:description ism:classification="U" ism:ownerProducer="USA">Trigraph for Liberia</ddms:description>
		</Term>
		<Term ism:classification="U" ism:ownerProducer="USA" deprecated="false">
			<Value ism:classification="U" ism:ownerProducer="USA">LBY</Value>
			<ddms:description ism:classification="U" ism:ownerProducer="USA">Trigraph for Libyan Arab Jamahiriya</ddms:description>
		</Term>
		<Term ism:classification="U" ism:ownerProducer="USA" deprecated="false">
			<Value ism:classification="U" ism:ownerProducer="USA">LCA</Value>
			<ddms:description ism:classification="U" ism:ownerProducer="USA">Trigraph for Saint Lucia</ddms:description>
		</Term>
		<Term ism:classification="U" ism:ownerProducer="USA" deprecated="false">
			<Value ism:classification="U" ism:ownerProducer="USA">LIE</Value>
			<ddms:description ism:classification="U" ism:ownerProducer="USA">Trigraph for Liechtenstein</ddms:description>
		</Term>
		<Term ism:classification="U" ism:ownerProducer="USA" deprecated="false">
			<Value ism:classification="U" ism:ownerProducer="USA">LKA</Value>
			<ddms:description ism:classification="U" ism:ownerProducer="USA">Trigraph for Sri Lanka</ddms:description>
		</Term>
		<Term ism:classification="U" ism:ownerProducer="USA" deprecated="false">
			<Value ism:classification="U" ism:ownerProducer="USA">LSO</Value>
			<ddms:description ism:classification="U" ism:ownerProducer="USA">Trigraph for Lesotho</ddms:description>
		</Term>
		<Term ism:classification="U" ism:ownerProducer="USA" deprecated="false">
			<Value ism:classification="U" ism:ownerProducer="USA">LTU</Value>
			<ddms:description ism:classification="U" ism:ownerProducer="USA">Trigraph for Lithuania</ddms:description>
		</Term>
		<Term ism:classification="U" ism:ownerProducer="USA" deprecated="false">
			<Value ism:classification="U" ism:ownerProducer="USA">LUX</Value>
			<ddms:description ism:classification="U" ism:ownerProducer="USA">Trigraph for Luxembourg</ddms:description>
		</Term>
		<Term ism:classification="U" ism:ownerProducer="USA" deprecated="false">
			<Value ism:classification="U" ism:ownerProducer="USA">LVA</Value>
			<ddms:description ism:classification="U" ism:ownerProducer="USA">Trigraph for Latvia</ddms:description>
		</Term>
		<Term ism:classification="U" ism:ownerProducer="USA" deprecated="false">
			<Value ism:classification="U" ism:ownerProducer="USA">MAC</Value>
			<ddms:description ism:classification="U" ism:ownerProducer="USA">Trigraph for Macao</ddms:description>
		</Term>
		<Term ism:classification="U" ism:ownerProducer="USA" deprecated="false">
			<Value ism:classification="U" ism:ownerProducer="USA">MAF</Value>
			<ddms:description ism:classification="U" ism:ownerProducer="USA">Trigraph for Saint Martin (French part)</ddms:description>
		</Term>
		<Term ism:classification="U" ism:ownerProducer="USA" deprecated="false">
			<Value ism:classification="U" ism:ownerProducer="USA">MAR</Value>
			<ddms:description ism:classification="U" ism:ownerProducer="USA">Trigraph for Morocco</ddms:description>
		</Term>
		<Term ism:classification="U" ism:ownerProducer="USA" deprecated="false">
			<Value ism:classification="U" ism:ownerProducer="USA">MCO</Value>
			<ddms:description ism:classification="U" ism:ownerProducer="USA">Trigraph for Monaco</ddms:description>
		</Term>
		<Term ism:classification="U" ism:ownerProducer="USA" deprecated="false">
			<Value ism:classification="U" ism:ownerProducer="USA">MDA</Value>
			<ddms:description ism:classification="U" ism:ownerProducer="USA">Trigraph for Moldova (the Republic of)</ddms:description>
		</Term>
		<Term ism:classification="U" ism:ownerProducer="USA" deprecated="false">
			<Value ism:classification="U" ism:ownerProducer="USA">MDG</Value>
			<ddms:description ism:classification="U" ism:ownerProducer="USA">Trigraph for Madagascar</ddms:description>
		</Term>
		<Term ism:classification="U" ism:ownerProducer="USA" deprecated="false">
			<Value ism:classification="U" ism:ownerProducer="USA">MDV</Value>
			<ddms:description ism:classification="U" ism:ownerProducer="USA">Trigraph for Maldives</ddms:description>
		</Term>
		<Term ism:classification="U" ism:ownerProducer="USA" deprecated="false">
			<Value ism:classification="U" ism:ownerProducer="USA">MEX</Value>
			<ddms:description ism:classification="U" ism:ownerProducer="USA">Trigraph for Mexico</ddms:description>
		</Term>
		<Term ism:classification="U" ism:ownerProducer="USA" deprecated="false">
			<Value ism:classification="U" ism:ownerProducer="USA">MHL</Value>
			<ddms:description ism:classification="U" ism:ownerProducer="USA">Trigraph for Marshall Islands</ddms:description>
		</Term>
		<Term ism:classification="U" ism:ownerProducer="USA" deprecated="false">
			<Value ism:classification="U" ism:ownerProducer="USA">MKD</Value>
			<ddms:description ism:classification="U" ism:ownerProducer="USA">Trigraph for Macedonia, The former Yugoslav Republic of</ddms:description>
		</Term>
		<Term ism:classification="U" ism:ownerProducer="USA" deprecated="false">
			<Value ism:classification="U" ism:ownerProducer="USA">MLI</Value>
			<ddms:description ism:classification="U" ism:ownerProducer="USA">Trigraph for Mali</ddms:description>
		</Term>
		<Term ism:classification="U" ism:ownerProducer="USA" deprecated="false">
			<Value ism:classification="U" ism:ownerProducer="USA">MLT</Value>
			<ddms:description ism:classification="U" ism:ownerProducer="USA">Trigraph for Malta</ddms:description>
		</Term>
		<Term ism:classification="U" ism:ownerProducer="USA" deprecated="false">
			<Value ism:classification="U" ism:ownerProducer="USA">MMR</Value>
			<ddms:description ism:classification="U" ism:ownerProducer="USA">Trigraph for Myanmar</ddms:description>
		</Term>
		<Term ism:classification="U" ism:ownerProducer="USA" deprecated="false">
			<Value ism:classification="U" ism:ownerProducer="USA">MNE</Value>
			<ddms:description ism:classification="U" ism:ownerProducer="USA">Trigraph for Montenegro</ddms:description>
		</Term>
		<Term ism:classification="U" ism:ownerProducer="USA" deprecated="false">
			<Value ism:classification="U" ism:ownerProducer="USA">MNG</Value>
			<ddms:description ism:classification="U" ism:ownerProducer="USA">Trigraph for Mongolia</ddms:description>
		</Term>
		<Term ism:classification="U" ism:ownerProducer="USA" deprecated="false">
			<Value ism:classification="U" ism:ownerProducer="USA">MNP</Value>
			<ddms:description ism:classification="U" ism:ownerProducer="USA">Trigraph for Northern Mariana Islands</ddms:description>
		</Term>
		<Term ism:classification="U" ism:ownerProducer="USA" deprecated="false">
			<Value ism:classification="U" ism:ownerProducer="USA">MOZ</Value>
			<ddms:description ism:classification="U" ism:ownerProducer="USA">Trigraph for Mozambique</ddms:description>
		</Term>
		<Term ism:classification="U" ism:ownerProducer="USA" deprecated="false">
			<Value ism:classification="U" ism:ownerProducer="USA">MRT</Value>
			<ddms:description ism:classification="U" ism:ownerProducer="USA">Trigraph for Mauritania</ddms:description>
		</Term>
		<Term ism:classification="U" ism:ownerProducer="USA" deprecated="false">
			<Value ism:classification="U" ism:ownerProducer="USA">MSR</Value>
			<ddms:description ism:classification="U" ism:ownerProducer="USA">Trigraph for Montserrat</ddms:description>
		</Term>
		<Term ism:classification="U" ism:ownerProducer="USA" deprecated="false">
			<Value ism:classification="U" ism:ownerProducer="USA">MTQ</Value>
			<ddms:description ism:classification="U" ism:ownerProducer="USA">Trigraph for Martinique</ddms:description>
		</Term>
		<Term ism:classification="U" ism:ownerProducer="USA" deprecated="false">
			<Value ism:classification="U" ism:ownerProducer="USA">MUS</Value>
			<ddms:description ism:classification="U" ism:ownerProducer="USA">Trigraph for Mauritius</ddms:description>
		</Term>
		<Term ism:classification="U" ism:ownerProducer="USA" deprecated="false">
			<Value ism:classification="U" ism:ownerProducer="USA">MWI</Value>
			<ddms:description ism:classification="U" ism:ownerProducer="USA">Trigraph for Malawi</ddms:description>
		</Term>
		<Term ism:classification="U" ism:ownerProducer="USA" deprecated="false">
			<Value ism:classification="U" ism:ownerProducer="USA">MYS</Value>
			<ddms:description ism:classification="U" ism:ownerProducer="USA">Trigraph for Malaysia</ddms:description>
		</Term>
		<Term ism:classification="U" ism:ownerProducer="USA" deprecated="false">
			<Value ism:classification="U" ism:ownerProducer="USA">MYT</Value>
			<ddms:description ism:classification="U" ism:ownerProducer="USA">Trigraph for Mayotte</ddms:description>
		</Term>
		<Term ism:classification="U" ism:ownerProducer="USA" deprecated="false">
			<Value ism:classification="U" ism:ownerProducer="USA">NAM</Value>
			<ddms:description ism:classification="U" ism:ownerProducer="USA">Trigraph for Namibia</ddms:description>
		</Term>
		<Term ism:classification="U" ism:ownerProducer="USA" deprecated="false">
			<Value ism:classification="U" ism:ownerProducer="USA">NCL</Value>
			<ddms:description ism:classification="U" ism:ownerProducer="USA">Trigraph for New Caledonia</ddms:description>
		</Term>
		<Term ism:classification="U" ism:ownerProducer="USA" deprecated="false">
			<Value ism:classification="U" ism:ownerProducer="USA">NER</Value>
			<ddms:description ism:classification="U" ism:ownerProducer="USA">Trigraph for Niger</ddms:description>
		</Term>
		<Term ism:classification="U" ism:ownerProducer="USA" deprecated="false">
			<Value ism:classification="U" ism:ownerProducer="USA">NFK</Value>
			<ddms:description ism:classification="U" ism:ownerProducer="USA">Trigraph for Norfolk Island</ddms:description>
		</Term>
		<Term ism:classification="U" ism:ownerProducer="USA" deprecated="false">
			<Value ism:classification="U" ism:ownerProducer="USA">NGA</Value>
			<ddms:description ism:classification="U" ism:ownerProducer="USA">Trigraph for Nigeria</ddms:description>
		</Term>
		<Term ism:classification="U" ism:ownerProducer="USA" deprecated="false">
			<Value ism:classification="U" ism:ownerProducer="USA">NIC</Value>
			<ddms:description ism:classification="U" ism:ownerProducer="USA">Trigraph for Nicaragua</ddms:description>
		</Term>
		<Term ism:classification="U" ism:ownerProducer="USA" deprecated="false">
			<Value ism:classification="U" ism:ownerProducer="USA">NIU</Value>
			<ddms:description ism:classification="U" ism:ownerProducer="USA">Trigraph for Niue</ddms:description>
		</Term>
		<Term ism:classification="U" ism:ownerProducer="USA" deprecated="false">
			<Value ism:classification="U" ism:ownerProducer="USA">NLD</Value>
			<ddms:description ism:classification="U" ism:ownerProducer="USA">Trigraph for Netherlands</ddms:description>
		</Term>
		<Term ism:classification="U" ism:ownerProducer="USA" deprecated="false">
			<Value ism:classification="U" ism:ownerProducer="USA">NOR</Value>
			<ddms:description ism:classification="U" ism:ownerProducer="USA">Trigraph for Norway</ddms:description>
		</Term>
		<Term ism:classification="U" ism:ownerProducer="USA" deprecated="false">
			<Value ism:classification="U" ism:ownerProducer="USA">NPL</Value>
			<ddms:description ism:classification="U" ism:ownerProducer="USA">Trigraph for Nepal</ddms:description>
		</Term>
		<Term ism:classification="U" ism:ownerProducer="USA" deprecated="false">
			<Value ism:classification="U" ism:ownerProducer="USA">NRU</Value>
			<ddms:description ism:classification="U" ism:ownerProducer="USA">Trigraph for Nauru</ddms:description>
		</Term>
		<Term ism:classification="U" ism:ownerProducer="USA" deprecated="false">
			<Value ism:classification="U" ism:ownerProducer="USA">NZL</Value>
			<ddms:description ism:classification="U" ism:ownerProducer="USA">Trigraph for New Zealand</ddms:description>
		</Term>
		<Term ism:classification="U" ism:ownerProducer="USA" deprecated="false">
			<Value ism:classification="U" ism:ownerProducer="USA">OMN</Value>
			<ddms:description ism:classification="U" ism:ownerProducer="USA">Trigraph for Oman</ddms:description>
		</Term>
		<Term ism:classification="U" ism:ownerProducer="USA" deprecated="false">
			<Value ism:classification="U" ism:ownerProducer="USA">PAK</Value>
			<ddms:description ism:classification="U" ism:ownerProducer="USA">Trigraph for Pakistan</ddms:description>
		</Term>
		<Term ism:classification="U" ism:ownerProducer="USA" deprecated="false">
			<Value ism:classification="U" ism:ownerProducer="USA">PAN</Value>
			<ddms:description ism:classification="U" ism:ownerProducer="USA">Trigraph for Panama</ddms:description>
		</Term>
		<Term ism:classification="U" ism:ownerProducer="USA" deprecated="false">
			<Value ism:classification="U" ism:ownerProducer="USA">PCN</Value>
			<ddms:description ism:classification="U" ism:ownerProducer="USA">Trigraph for Pitcairn</ddms:description>
		</Term>
		<Term ism:classification="U" ism:ownerProducer="USA" deprecated="false">
			<Value ism:classification="U" ism:ownerProducer="USA">PER</Value>
			<ddms:description ism:classification="U" ism:ownerProducer="USA">Trigraph for Peru</ddms:description>
		</Term>
		<Term ism:classification="U" ism:ownerProducer="USA" deprecated="false">
			<Value ism:classification="U" ism:ownerProducer="USA">PHL</Value>
			<ddms:description ism:classification="U" ism:ownerProducer="USA">Trigraph for Philippines</ddms:description>
		</Term>
		<Term ism:classification="U" ism:ownerProducer="USA" deprecated="false">
			<Value ism:classification="U" ism:ownerProducer="USA">PLW</Value>
			<ddms:description ism:classification="U" ism:ownerProducer="USA">Trigraph for Palau</ddms:description>
		</Term>
		<Term ism:classification="U" ism:ownerProducer="USA" deprecated="false">
			<Value ism:classification="U" ism:ownerProducer="USA">PNG</Value>
			<ddms:description ism:classification="U" ism:ownerProducer="USA">Trigraph for Papua New Guinea</ddms:description>
		</Term>
		<Term ism:classification="U" ism:ownerProducer="USA" deprecated="false">
			<Value ism:classification="U" ism:ownerProducer="USA">POL</Value>
			<ddms:description ism:classification="U" ism:ownerProducer="USA">Trigraph for Poland</ddms:description>
		</Term>
		<Term ism:classification="U" ism:ownerProducer="USA" deprecated="false">
			<Value ism:classification="U" ism:ownerProducer="USA">PRI</Value>
			<ddms:description ism:classification="U" ism:ownerProducer="USA">Trigraph for Puerto Rico</ddms:description>
		</Term>
		<Term ism:classification="U" ism:ownerProducer="USA" deprecated="false">
			<Value ism:classification="U" ism:ownerProducer="USA">PRK</Value>
			<ddms:description ism:classification="U" ism:ownerProducer="USA">Trigraph for Korea, Democratic People's Republic of</ddms:description>
		</Term>
		<Term ism:classification="U" ism:ownerProducer="USA" deprecated="false">
			<Value ism:classification="U" ism:ownerProducer="USA">PRT</Value>
			<ddms:description ism:classification="U" ism:ownerProducer="USA">Trigraph for Portugal</ddms:description>
		</Term>
		<Term ism:classification="U" ism:ownerProducer="USA" deprecated="false">
			<Value ism:classification="U" ism:ownerProducer="USA">PRY</Value>
			<ddms:description ism:classification="U" ism:ownerProducer="USA">Trigraph for Paraguay</ddms:description>
		</Term>
		<Term ism:classification="U" ism:ownerProducer="USA" deprecated="false">
			<Value ism:classification="U" ism:ownerProducer="USA">PSE</Value>
			<ddms:description ism:classification="U" ism:ownerProducer="USA">Trigraph for Palestinian Territory, Occupied</ddms:description>
		</Term>
		<Term ism:classification="U" ism:ownerProducer="USA" deprecated="false">
			<Value ism:classification="U" ism:ownerProducer="USA">PYF</Value>
			<ddms:description ism:classification="U" ism:ownerProducer="USA">Trigraph for French Polynesia</ddms:description>
		</Term>
		<Term ism:classification="U" ism:ownerProducer="USA" deprecated="false">
			<Value ism:classification="U" ism:ownerProducer="USA">QAT</Value>
			<ddms:description ism:classification="U" ism:ownerProducer="USA">Trigraph for Qatar</ddms:description>
		</Term>
		<Term ism:classification="U" ism:ownerProducer="USA" deprecated="false">
			<Value ism:classification="U" ism:ownerProducer="USA">REU</Value>
			<ddms:description ism:classification="U" ism:ownerProducer="USA">Trigraph for Réunion</ddms:description>
		</Term>
		<Term ism:classification="U" ism:ownerProducer="USA" deprecated="false">
			<Value ism:classification="U" ism:ownerProducer="USA">ROU</Value>
			<ddms:description ism:classification="U" ism:ownerProducer="USA">Trigraph for Romania</ddms:description>
		</Term>
		<Term ism:classification="U" ism:ownerProducer="USA" deprecated="false">
			<Value ism:classification="U" ism:ownerProducer="USA">RUS</Value>
			<ddms:description ism:classification="U" ism:ownerProducer="USA">Trigraph for Russian Federation</ddms:description>
		</Term>
		<Term ism:classification="U" ism:ownerProducer="USA" deprecated="false">
			<Value ism:classification="U" ism:ownerProducer="USA">RWA</Value>
			<ddms:description ism:classification="U" ism:ownerProducer="USA">Trigraph for Rwanda</ddms:description>
		</Term>
		<Term ism:classification="U" ism:ownerProducer="USA" deprecated="false">
			<Value ism:classification="U" ism:ownerProducer="USA">SAU</Value>
			<ddms:description ism:classification="U" ism:ownerProducer="USA">Trigraph for Saudi Arabia</ddms:description>
		</Term>
		<Term ism:classification="U" ism:ownerProducer="USA" deprecated="false">
			<Value ism:classification="U" ism:ownerProducer="USA">SDN</Value>
			<ddms:description ism:classification="U" ism:ownerProducer="USA">Trigraph for Sudan</ddms:description>
		</Term>
		<Term ism:classification="U" ism:ownerProducer="USA" deprecated="false">
			<Value ism:classification="U" ism:ownerProducer="USA">SEN</Value>
			<ddms:description ism:classification="U" ism:ownerProducer="USA">Trigraph for Senegal</ddms:description>
		</Term>
		<Term ism:classification="U" ism:ownerProducer="USA" deprecated="false">
			<Value ism:classification="U" ism:ownerProducer="USA">SGP</Value>
			<ddms:description ism:classification="U" ism:ownerProducer="USA">Trigraph for Singapore</ddms:description>
		</Term>
		<Term ism:classification="U" ism:ownerProducer="USA" deprecated="false">
			<Value ism:classification="U" ism:ownerProducer="USA">SGS</Value>
			<ddms:description ism:classification="U" ism:ownerProducer="USA">Trigraph for South Georgia and the South Sandwich Islands</ddms:description>
		</Term>
		<Term ism:classification="U" ism:ownerProducer="USA" deprecated="false">
			<Value ism:classification="U" ism:ownerProducer="USA">SHN</Value>
			<ddms:description ism:classification="U" ism:ownerProducer="USA">Trigraph for Saint Helena</ddms:description>
		</Term>
		<Term ism:classification="U" ism:ownerProducer="USA" deprecated="false">
			<Value ism:classification="U" ism:ownerProducer="USA">SJM</Value>
			<ddms:description ism:classification="U" ism:ownerProducer="USA">Trigraph for Svalbard and Jan Mayen</ddms:description>
		</Term>
		<Term ism:classification="U" ism:ownerProducer="USA" deprecated="false">
			<Value ism:classification="U" ism:ownerProducer="USA">SLB</Value>
			<ddms:description ism:classification="U" ism:ownerProducer="USA">Trigraph for Solomon Islands</ddms:description>
		</Term>
		<Term ism:classification="U" ism:ownerProducer="USA" deprecated="false">
			<Value ism:classification="U" ism:ownerProducer="USA">SLE</Value>
			<ddms:description ism:classification="U" ism:ownerProducer="USA">Trigraph for Sierra Leone</ddms:description>
		</Term>
		<Term ism:classification="U" ism:ownerProducer="USA" deprecated="false">
			<Value ism:classification="U" ism:ownerProducer="USA">SLV</Value>
			<ddms:description ism:classification="U" ism:ownerProducer="USA">Trigraph for El Salvador</ddms:description>
		</Term>
		<Term ism:classification="U" ism:ownerProducer="USA" deprecated="false">
			<Value ism:classification="U" ism:ownerProducer="USA">SMR</Value>
			<ddms:description ism:classification="U" ism:ownerProducer="USA">Trigraph for San Marino</ddms:description>
		</Term>
		<Term ism:classification="U" ism:ownerProducer="USA" deprecated="false">
			<Value ism:classification="U" ism:ownerProducer="USA">SOM</Value>
			<ddms:description ism:classification="U" ism:ownerProducer="USA">Trigraph for Somalia</ddms:description>
		</Term>
		<Term ism:classification="U" ism:ownerProducer="USA" deprecated="false">
			<Value ism:classification="U" ism:ownerProducer="USA">SPM</Value>
			<ddms:description ism:classification="U" ism:ownerProducer="USA">Trigraph for Saint Pierre and Miquelon</ddms:description>
		</Term>
		<Term ism:classification="U" ism:ownerProducer="USA" deprecated="false">
			<Value ism:classification="U" ism:ownerProducer="USA">SRB</Value>
			<ddms:description ism:classification="U" ism:ownerProducer="USA">Trigraph for Serbia</ddms:description>
		</Term>
		<Term ism:classification="U" ism:ownerProducer="USA" deprecated="false">
			<Value ism:classification="U" ism:ownerProducer="USA">STP</Value>
			<ddms:description ism:classification="U" ism:ownerProducer="USA">Trigraph for Sao Tome and Principe</ddms:description>
		</Term>
		<Term ism:classification="U" ism:ownerProducer="USA" deprecated="false">
			<Value ism:classification="U" ism:ownerProducer="USA">SUR</Value>
			<ddms:description ism:classification="U" ism:ownerProducer="USA">Trigraph for Suriname</ddms:description>
		</Term>
		<Term ism:classification="U" ism:ownerProducer="USA" deprecated="false">
			<Value ism:classification="U" ism:ownerProducer="USA">SVK</Value>
			<ddms:description ism:classification="U" ism:ownerProducer="USA">Trigraph for Slovakia</ddms:description>
		</Term>
		<Term ism:classification="U" ism:ownerProducer="USA" deprecated="false">
			<Value ism:classification="U" ism:ownerProducer="USA">SVN</Value>
			<ddms:description ism:classification="U" ism:ownerProducer="USA">Trigraph for Slovenia</ddms:description>
		</Term>
		<Term ism:classification="U" ism:ownerProducer="USA" deprecated="false">
			<Value ism:classification="U" ism:ownerProducer="USA">SWE</Value>
			<ddms:description ism:classification="U" ism:ownerProducer="USA">Trigraph for Sweden</ddms:description>
		</Term>
		<Term ism:classification="U" ism:ownerProducer="USA" deprecated="false">
			<Value ism:classification="U" ism:ownerProducer="USA">SWZ</Value>
			<ddms:description ism:classification="U" ism:ownerProducer="USA">Trigraph for Swaziland</ddms:description>
		</Term>
		<Term ism:classification="U" ism:ownerProducer="USA" deprecated="false">
			<Value ism:classification="U" ism:ownerProducer="USA">SYC</Value>
			<ddms:description ism:classification="U" ism:ownerProducer="USA">Trigraph for Seychelles</ddms:description>
		</Term>
		<Term ism:classification="U" ism:ownerProducer="USA" deprecated="false">
			<Value ism:classification="U" ism:ownerProducer="USA">SYR</Value>
			<ddms:description ism:classification="U" ism:ownerProducer="USA">Trigraph for Syrian Arab Republic</ddms:description>
		</Term>
		<Term ism:classification="U" ism:ownerProducer="USA" deprecated="false">
			<Value ism:classification="U" ism:ownerProducer="USA">TCA</Value>
			<ddms:description ism:classification="U" ism:ownerProducer="USA">Trigraph for Turks and Caicos Islands</ddms:description>
		</Term>
		<Term ism:classification="U" ism:ownerProducer="USA" deprecated="false">
			<Value ism:classification="U" ism:ownerProducer="USA">TCD</Value>
			<ddms:description ism:classification="U" ism:ownerProducer="USA">Trigraph for Chad</ddms:description>
		</Term>
		<Term ism:classification="U" ism:ownerProducer="USA" deprecated="false">
			<Value ism:classification="U" ism:ownerProducer="USA">TGO</Value>
			<ddms:description ism:classification="U" ism:ownerProducer="USA">Trigraph for Togo</ddms:description>
		</Term>
		<Term ism:classification="U" ism:ownerProducer="USA" deprecated="false">
			<Value ism:classification="U" ism:ownerProducer="USA">THA</Value>
			<ddms:description ism:classification="U" ism:ownerProducer="USA">Trigraph for Thailand</ddms:description>
		</Term>
		<Term ism:classification="U" ism:ownerProducer="USA" deprecated="false">
			<Value ism:classification="U" ism:ownerProducer="USA">TJK</Value>
			<ddms:description ism:classification="U" ism:ownerProducer="USA">Trigraph for Tajikistan</ddms:description>
		</Term>
		<Term ism:classification="U" ism:ownerProducer="USA" deprecated="false">
			<Value ism:classification="U" ism:ownerProducer="USA">TKL</Value>
			<ddms:description ism:classification="U" ism:ownerProducer="USA">Trigraph for Tokelau</ddms:description>
		</Term>
		<Term ism:classification="U" ism:ownerProducer="USA" deprecated="false">
			<Value ism:classification="U" ism:ownerProducer="USA">TKM</Value>
			<ddms:description ism:classification="U" ism:ownerProducer="USA">Trigraph for Turkmenistan</ddms:description>
		</Term>
		<Term ism:classification="U" ism:ownerProducer="USA" deprecated="false">
			<Value ism:classification="U" ism:ownerProducer="USA">TLS</Value>
			<ddms:description ism:classification="U" ism:ownerProducer="USA">Trigraph for Timor-Leste</ddms:description>
		</Term>
		<Term ism:classification="U" ism:ownerProducer="USA" deprecated="false">
			<Value ism:classification="U" ism:ownerProducer="USA">TON</Value>
			<ddms:description ism:classification="U" ism:ownerProducer="USA">Trigraph for Tonga</ddms:description>
		</Term>
		<Term ism:classification="U" ism:ownerProducer="USA" deprecated="false">
			<Value ism:classification="U" ism:ownerProducer="USA">TTO</Value>
			<ddms:description ism:classification="U" ism:ownerProducer="USA">Trigraph for Trinidad and Tobago</ddms:description>
		</Term>
		<Term ism:classification="U" ism:ownerProducer="USA" deprecated="false">
			<Value ism:classification="U" ism:ownerProducer="USA">TUN</Value>
			<ddms:description ism:classification="U" ism:ownerProducer="USA">Trigraph for Tunisia</ddms:description>
		</Term>
		<Term ism:classification="U" ism:ownerProducer="USA" deprecated="false">
			<Value ism:classification="U" ism:ownerProducer="USA">TUR</Value>
			<ddms:description ism:classification="U" ism:ownerProducer="USA">Trigraph for Turkey</ddms:description>
		</Term>
		<Term ism:classification="U" ism:ownerProducer="USA" deprecated="false">
			<Value ism:classification="U" ism:ownerProducer="USA">TUV</Value>
			<ddms:description ism:classification="U" ism:ownerProducer="USA">Trigraph for Tuvalu</ddms:description>
		</Term>
		<Term ism:classification="U" ism:ownerProducer="USA" deprecated="false">
			<Value ism:classification="U" ism:ownerProducer="USA">TWN</Value>
			<ddms:description ism:classification="U" ism:ownerProducer="USA">Trigraph for Taiwan, Province of China</ddms:description>
		</Term>
		<Term ism:classification="U" ism:ownerProducer="USA" deprecated="false">
			<Value ism:classification="U" ism:ownerProducer="USA">TZA</Value>
			<ddms:description ism:classification="U" ism:ownerProducer="USA">Trigraph for Tanzania, United Republic of</ddms:description>
		</Term>
		<Term ism:classification="U" ism:ownerProducer="USA" deprecated="false">
			<Value ism:classification="U" ism:ownerProducer="USA">UGA</Value>
			<ddms:description ism:classification="U" ism:ownerProducer="USA">Trigraph for Uganda</ddms:description>
		</Term>
		<Term ism:classification="U" ism:ownerProducer="USA" deprecated="false">
			<Value ism:classification="U" ism:ownerProducer="USA">UKR</Value>
			<ddms:description ism:classification="U" ism:ownerProducer="USA">Trigraph for Ukraine</ddms:description>
		</Term>
		<Term ism:classification="U" ism:ownerProducer="USA" deprecated="false">
			<Value ism:classification="U" ism:ownerProducer="USA">UMI</Value>
			<ddms:description ism:classification="U" ism:ownerProducer="USA">Trigraph for United States Minor Outlying Islands</ddms:description>
		</Term>
		<Term ism:classification="U" ism:ownerProducer="USA" deprecated="false">
			<Value ism:classification="U" ism:ownerProducer="USA">URY</Value>
			<ddms:description ism:classification="U" ism:ownerProducer="USA">Trigraph for Uruguay</ddms:description>
		</Term>
        <Term ism:classification="U" ism:ownerProducer="USA" deprecated="false">
        	<Value ism:classification="U" ism:ownerProducer="USA">USA</Value>
        	<ddms:description ism:classification="U" ism:ownerProducer="USA">Trigraph for United States</ddms:description>
        </Term>
		<Term ism:classification="U" ism:ownerProducer="USA" deprecated="false">
			<Value ism:classification="U" ism:ownerProducer="USA">UZB</Value>
			<ddms:description ism:classification="U" ism:ownerProducer="USA">Trigraph for Uzbekistan</ddms:description>
		</Term>
		<Term ism:classification="U" ism:ownerProducer="USA" deprecated="false">
			<Value ism:classification="U" ism:ownerProducer="USA">VAT</Value>
			<ddms:description ism:classification="U" ism:ownerProducer="USA">Trigraph for Holy See (Vatican City State)</ddms:description>
		</Term>
		<Term ism:classification="U" ism:ownerProducer="USA" deprecated="false">
			<Value ism:classification="U" ism:ownerProducer="USA">VCT</Value>
			<ddms:description ism:classification="U" ism:ownerProducer="USA">Trigraph for Saint Vincent and the Grenadines</ddms:description>
		</Term>
		<Term ism:classification="U" ism:ownerProducer="USA" deprecated="false">
			<Value ism:classification="U" ism:ownerProducer="USA">VEN</Value>
			<ddms:description ism:classification="U" ism:ownerProducer="USA">Trigraph for Venezuela</ddms:description>
		</Term>
		<Term ism:classification="U" ism:ownerProducer="USA" deprecated="false">
			<Value ism:classification="U" ism:ownerProducer="USA">VGB</Value>
			<ddms:description ism:classification="U" ism:ownerProducer="USA">Trigraph for Virgin Islands, British</ddms:description>
		</Term>
		<Term ism:classification="U" ism:ownerProducer="USA" deprecated="false">
			<Value ism:classification="U" ism:ownerProducer="USA">VIR</Value>
			<ddms:description ism:classification="U" ism:ownerProducer="USA">Trigraph for Virgin Islands, U.S.</ddms:description>
		</Term>
		<Term ism:classification="U" ism:ownerProducer="USA" deprecated="false">
			<Value ism:classification="U" ism:ownerProducer="USA">VNM</Value>
			<ddms:description ism:classification="U" ism:ownerProducer="USA">Trigraph for Viet Nam</ddms:description>
		</Term>
		<Term ism:classification="U" ism:ownerProducer="USA" deprecated="false">
			<Value ism:classification="U" ism:ownerProducer="USA">VUT</Value>
			<ddms:description ism:classification="U" ism:ownerProducer="USA">Trigraph for Vanuatu</ddms:description>
		</Term>
		<Term ism:classification="U" ism:ownerProducer="USA" deprecated="false">
			<Value ism:classification="U" ism:ownerProducer="USA">WLF</Value>
			<ddms:description ism:classification="U" ism:ownerProducer="USA">Trigraph for Wallis and Futuna</ddms:description>
		</Term>
		<Term ism:classification="U" ism:ownerProducer="USA" deprecated="false">
			<Value ism:classification="U" ism:ownerProducer="USA">WSM</Value>
			<ddms:description ism:classification="U" ism:ownerProducer="USA">Trigraph for Samoa</ddms:description>
		</Term>
		<Term ism:classification="U" ism:ownerProducer="USA" deprecated="false">
			<Value ism:classification="U" ism:ownerProducer="USA">YEM</Value>
			<ddms:description ism:classification="U" ism:ownerProducer="USA">Trigraph for Yemen</ddms:description>
		</Term>
		<Term ism:classification="U" ism:ownerProducer="USA" deprecated="false">
			<Value ism:classification="U" ism:ownerProducer="USA">ZAF</Value>
			<ddms:description ism:classification="U" ism:ownerProducer="USA">Trigraph for South Africa</ddms:description>
		</Term>
		<Term ism:classification="U" ism:ownerProducer="USA" deprecated="false">
			<Value ism:classification="U" ism:ownerProducer="USA">ZMB</Value>
			<ddms:description ism:classification="U" ism:ownerProducer="USA">Trigraph for Zambia</ddms:description>
		</Term>
		<Term ism:classification="U" ism:ownerProducer="USA" deprecated="false">
			<Value ism:classification="U" ism:ownerProducer="USA">ZWE</Value>
			<ddms:description ism:classification="U" ism:ownerProducer="USA">Trigraph for Zimbabwe</ddms:description>
		</Term>
		<Term ism:classification="U" ism:ownerProducer="USA" deprecated="false">
			<Value ism:classification="U" ism:ownerProducer="USA">ACGU</Value>
			<ddms:description ism:classification="U" ism:ownerProducer="USA">Tetragraph for FOUR EYES</ddms:description>
		</Term>
		<Term ism:classification="U" ism:ownerProducer="USA" deprecated="false">
			<Value ism:classification="U" ism:ownerProducer="USA">APFS</Value>
			<ddms:description ism:classification="U" ism:ownerProducer="USA">Suppressed</ddms:description>
		</Term>
		<Term ism:classification="U" ism:ownerProducer="USA" deprecated="false">
			<Value ism:classification="U" ism:ownerProducer="USA">BWCS</Value>
			<ddms:description ism:classification="U" ism:ownerProducer="USA">Tetragraph for Biological Weapons Convention States</ddms:description>
		</Term>
		<Term ism:classification="U" ism:ownerProducer="USA" deprecated="false">
			<Value ism:classification="U" ism:ownerProducer="USA">CFCK</Value>
			<ddms:description ism:classification="U" ism:ownerProducer="USA">Tetragraph for ROK/US Combined Forces Command, Korea</ddms:description>
		</Term>
		<Term ism:classification="U" ism:ownerProducer="USA" deprecated="false">
			<Value ism:classification="U" ism:ownerProducer="USA">CMFC</Value>
			<ddms:description ism:classification="U" ism:ownerProducer="USA">Tetragraph for Combined Maritime Forces</ddms:description>
		</Term>
		<Term ism:classification="U" ism:ownerProducer="USA" deprecated="false">
			<Value ism:classification="U" ism:ownerProducer="USA">CMFP</Value>
			<ddms:description ism:classification="U" ism:ownerProducer="USA">Tetragraph for Cooperative Maritime Forces Pacific</ddms:description>
		</Term>
		<Term ism:classification="U" ism:ownerProducer="USA" deprecated="false">
			<Value ism:classification="U" ism:ownerProducer="USA">CPMT</Value>
			<ddms:description ism:classification="U" ism:ownerProducer="USA">Tetragraph for Civilian Protection Monitoring Team for Sudan</ddms:description>
		</Term>
		<Term ism:classification="U" ism:ownerProducer="USA" deprecated="false">
			<Value ism:classification="U" ism:ownerProducer="USA">CWCS</Value>
			<ddms:description ism:classification="U" ism:ownerProducer="USA">Tetragraph for Chemical Weapons Convention States</ddms:description>
		</Term>
		<Term ism:classification="U" ism:ownerProducer="USA" deprecated="false">
			<Value ism:classification="U" ism:ownerProducer="USA">EFOR</Value>
			<ddms:description ism:classification="U" ism:ownerProducer="USA">Tetragraph for European Union Stabilization Forces in Bosnia</ddms:description>
		</Term>
		<Term ism:classification="U" ism:ownerProducer="USA" deprecated="false">
			<Value ism:classification="U" ism:ownerProducer="USA">EUDA</Value>
			<ddms:description ism:classification="U" ism:ownerProducer="USA">Tetragraph for European Union DARFUR</ddms:description>
		</Term>
		<Term ism:classification="U" ism:ownerProducer="USA" deprecated="false">
			<Value ism:classification="U" ism:ownerProducer="USA">FVEY</Value>
			<ddms:description ism:classification="U" ism:ownerProducer="USA">Tetragraph for FIVE EYES</ddms:description>
		</Term>
		<Term ism:classification="U" ism:ownerProducer="USA" deprecated="false">
			<Value ism:classification="U" ism:ownerProducer="USA">GCTF</Value>
			<ddms:description ism:classification="U" ism:ownerProducer="USA">Tetragraph for Global Counter-Terrorism Forces</ddms:description>
		</Term>
		<Term ism:classification="U" ism:ownerProducer="USA" deprecated="false">
			<Value ism:classification="U" ism:ownerProducer="USA">GMIF</Value>
			<ddms:description ism:classification="U" ism:ownerProducer="USA">Tetragraph for Global Maritime Interception Forces</ddms:description>
		</Term>
		<Term ism:classification="U" ism:ownerProducer="USA" deprecated="false">
			<Value ism:classification="U" ism:ownerProducer="USA">IESC</Value>
			<ddms:description ism:classification="U" ism:ownerProducer="USA">Tetragraph for International Events Security Coalition</ddms:description>
		</Term>
		<Term ism:classification="U" ism:ownerProducer="USA" deprecated="false">
			<Value ism:classification="U" ism:ownerProducer="USA">ISAF</Value>
			<ddms:description ism:classification="U" ism:ownerProducer="USA">Tetragraph for International Security Assistance Force for Afghanistan</ddms:description>
		</Term>
		<Term ism:classification="U" ism:ownerProducer="USA" deprecated="false">
			<Value ism:classification="U" ism:ownerProducer="USA">KFOR</Value>
			<ddms:description ism:classification="U" ism:ownerProducer="USA">Tetragraph for Stabilization Forces in Kosovo</ddms:description>
		</Term>
		<Term ism:classification="U" ism:ownerProducer="USA" deprecated="false">
			<Value ism:classification="U" ism:ownerProducer="USA">MCFI</Value>
			<ddms:description ism:classification="U" ism:ownerProducer="USA">Tetragraph for Multinational Coalition Forces - Iraq</ddms:description>
		</Term>
		<Term ism:classification="U" ism:ownerProducer="USA" deprecated="false">
			<Value ism:classification="U" ism:ownerProducer="USA">MIFH</Value>
			<ddms:description ism:classification="U" ism:ownerProducer="USA">Tetragraph for Multinational Interim Force Haiti</ddms:description>
		</Term>
		<Term ism:classification="U" ism:ownerProducer="USA" deprecated="false">
			<Value ism:classification="U" ism:ownerProducer="USA">MLEC</Value>
			<ddms:description ism:classification="U" ism:ownerProducer="USA">Tetragraph for Multi-Lateral Enduring Contingency</ddms:description>
		</Term>
		<Term ism:classification="U" ism:ownerProducer="USA" deprecated="false">
			<Value ism:classification="U" ism:ownerProducer="USA">NACT</Value>
			<ddms:description ism:classification="U" ism:ownerProducer="USA">Tetragraph for North African Counter-Terrorism Forces</ddms:description>
		</Term>
		<Term ism:classification="U" ism:ownerProducer="USA" deprecated="false">
			<Value ism:classification="U" ism:ownerProducer="USA">NATO</Value>
			<ddms:description ism:classification="U" ism:ownerProducer="USA">Tetragraph for North Atlantic Treaty Organization</ddms:description>
		</Term>
		<Term ism:classification="U" ism:ownerProducer="USA" deprecated="false">
			<Value ism:classification="U" ism:ownerProducer="USA">SPAA</Value>
			<ddms:description ism:classification="U" ism:ownerProducer="USA">Suppressed</ddms:description>
		</Term>
		<Term ism:classification="U" ism:ownerProducer="USA" deprecated="false">
			<Value ism:classification="U" ism:ownerProducer="USA">TEYE</Value>
			<ddms:description ism:classification="U" ism:ownerProducer="USA">Tetragraph for THREE EYES</ddms:description>
		</Term>
		<Term ism:classification="U" ism:ownerProducer="USA" deprecated="false">
			<Value ism:classification="U" ism:ownerProducer="USA">UNCK</Value>
			<ddms:description ism:classification="U" ism:ownerProducer="USA">Tetragraph for United Nations Command, Korea</ddms:description>
		</Term>
                    
                </cve:Enumeration>
                
                </cve:CVE>
        