<?xml version="1.0" encoding="UTF-8" ?> 
<cve:CVE xmlns:cve="urn:us:gov:ic:cve:v1" 
  xmlns:ddms="http://metadata.dod.mil/mdr/ns/DDMS/2.0/" 
  xmlns="urn:us:gov:ic:cve:v1" 
  xmlns:ism="urn:us:gov:ic:ism" 
  xmlns:xsi="http://www.w3.org/2001/XMLSchema-instance" 
  xsi:schemaLocation="urn:us:gov:ic:cve:v1 ../Schema/CVEXml.xsd" 
  ism:ownerProducer="USA" 
  ism:classification="U"
  ism:DESVersion="2"
  ism:resourceElement="true"
  ism:createDate="2009-11-19">
  
  <cve:IRM>
    <ddms:identifier ddms:qualifier="name" ddms:value="urn:us:gov:ic:cvenum:ism:classification:all:v1" /> 
    <ddms:title ism:ownerProducer="USA" ism:classification="U">CVEnumISMClassificationAll</ddms:title> 
    <ddms:description ism:ownerProducer="USA" ism:classification="U">All currently valid classification marks</ddms:description> 
    <cve:Created>2009-10-26T12:00:00-04:00</cve:Created> 
    <ddms:source ddms:value="CAPCO Register" /> 
    <ddms:pointOfContact>
      <ddms:Organization>
        <ddms:name>Office IC CIO</ddms:name> 
        <ddms:email>datastandardssupport@ugov.gov</ddms:email> 
      </ddms:Organization>
    </ddms:pointOfContact>
  </cve:IRM>
  
  <cve:Enumeration ism:ownerProducer="USA" ism:classification="U">  
    <Term ism:classification="U" ism:ownerProducer="USA" deprecated="false">
      <Value ism:classification="U" ism:ownerProducer="USA">CTS</Value>
      <ddms:description ism:classification="U" ism:ownerProducer="USA">COSMIC TOP SECRET</ddms:description>
    </Term>
    <Term ism:classification="U" ism:ownerProducer="USA" deprecated="false">
      <Value ism:classification="U" ism:ownerProducer="USA">CTS-B</Value>
      <ddms:description ism:classification="U" ism:ownerProducer="USA">COSMIC TOP SECRET-BOHEMIA</ddms:description>
    </Term>
    <Term ism:classification="U" ism:ownerProducer="USA" deprecated="false">
      <Value ism:classification="U" ism:ownerProducer="USA">CTS-BALK</Value>
      <ddms:description ism:classification="U" ism:ownerProducer="USA">COSMIC TOP SECRET-BALK</ddms:description>
    </Term>
    <Term ism:classification="U" ism:ownerProducer="USA" deprecated="false">
      <Value ism:classification="U" ism:ownerProducer="USA">NS</Value>
      <ddms:description ism:classification="U" ism:ownerProducer="USA">NATO SECRET</ddms:description>
    </Term>
    <Term ism:classification="U" ism:ownerProducer="USA" deprecated="false">
      <Value ism:classification="U" ism:ownerProducer="USA">NC</Value>
      <ddms:description ism:classification="U" ism:ownerProducer="USA">NATO CONFIDENTIAL</ddms:description>
    </Term>
    <Term ism:classification="U" ism:ownerProducer="USA" deprecated="false">
      <Value ism:classification="U" ism:ownerProducer="USA">NR</Value>
      <ddms:description ism:classification="U" ism:ownerProducer="USA">NATO RESTRICTED</ddms:description>
    </Term>
    <Term ism:classification="U" ism:ownerProducer="USA" deprecated="false">
      <Value ism:classification="U" ism:ownerProducer="USA">NU</Value>
      <ddms:description ism:classification="U" ism:ownerProducer="USA">NATO UNCLASSIFIED</ddms:description>
    </Term>
    <Term ism:classification="U" ism:ownerProducer="USA" deprecated="false">
      <Value ism:classification="U" ism:ownerProducer="USA">CTSA</Value>
      <ddms:description ism:classification="U" ism:ownerProducer="USA">COSMIC TOP SECRET ATOMAL</ddms:description>
    </Term>
    <Term ism:classification="U" ism:ownerProducer="USA" deprecated="false">
      <Value ism:classification="U" ism:ownerProducer="USA">NSAT</Value>
      <ddms:description ism:classification="U" ism:ownerProducer="USA">NATO SECRET ATOMAL</ddms:description>
    </Term>
    <Term ism:classification="U" ism:ownerProducer="USA" deprecated="false">
      <Value ism:classification="U" ism:ownerProducer="USA">NCA</Value>
      <ddms:description ism:classification="U" ism:ownerProducer="USA">NATO CONFIDENTIAL ATOMAL</ddms:description>
    </Term>
    <Term ism:classification="U" ism:ownerProducer="USA" deprecated="false">
      <Value ism:classification="U" ism:ownerProducer="USA">R</Value> 
      <ddms:description ism:classification="U" ism:ownerProducer="USA">RESTRICTED</ddms:description> 
    </Term>
    <Term ism:classification="U" ism:ownerProducer="USA" deprecated="false">
      <Value ism:classification="U" ism:ownerProducer="USA">C</Value> 
      <ddms:description ism:classification="U" ism:ownerProducer="USA">CONFIDENTIAL</ddms:description> 
    </Term>
    <Term ism:classification="U" ism:ownerProducer="USA" deprecated="false">
      <Value ism:classification="U" ism:ownerProducer="USA">S</Value> 
      <ddms:description ism:classification="U" ism:ownerProducer="USA">SECRET</ddms:description> 
    </Term>
    <Term ism:classification="U" ism:ownerProducer="USA" deprecated="false">
      <Value ism:classification="U" ism:ownerProducer="USA">TS</Value> 
      <ddms:description ism:classification="U" ism:ownerProducer="USA">TOP SECRET</ddms:description> 
    </Term>
    <Term ism:classification="U" ism:ownerProducer="USA" deprecated="false">
      <Value ism:classification="U" ism:ownerProducer="USA">U</Value> 
      <ddms:description ism:classification="U" ism:ownerProducer="USA">UNCLASSIFIED</ddms:description> 
    </Term>
  </cve:Enumeration>
</cve:CVE>