<?xml version="1.0" encoding="UTF-8"?>
<cve:CVE xmlns:cve="urn:us:gov:ic:cve:v1"
    xmlns:ddms="http://metadata.dod.mil/mdr/ns/DDMS/2.0/"
    xmlns="urn:us:gov:ic:cve:v1"
    xmlns:ism="urn:us:gov:ic:ism"
    xmlns:xsi="http://www.w3.org/2001/XMLSchema-instance"
    xsi:schemaLocation="urn:us:gov:ic:cve:v1 ../Schema/CVEXml.xsd"
    ism:ownerProducer="USA"
    ism:classification="U"
    ism:DESVersion="2"
    ism:resourceElement="true"
	ism:createDate="2009-11-19">
    
    <cve:IRM>
        <ddms:identifier ddms:qualifier="name" ddms:value="urn:us:gov:ic:cvenum:ism:scicontrols:v1"/>
        <ddms:title ism:ownerProducer="USA" ism:classification="U">CVEnumISMSCIControls</ddms:title>
        <ddms:description ism:ownerProducer="USA" ism:classification="U">All currently valid SCI controls from the published register</ddms:description>
        
        <cve:Created>2009-11-11T12:00:00-04:00</cve:Created>
        
        <ddms:source ddms:value="CAPCO Register"/>
        <ddms:pointOfContact>
            <ddms:Organization>
                <ddms:name>Office IC CIO</ddms:name>
                <ddms:email>datastandardssupport@ugov.gov</ddms:email>
            </ddms:Organization>
        </ddms:pointOfContact>
    </cve:IRM>
    
    <cve:Enumeration ism:ownerProducer="USA" ism:classification="U">
        
        <Term ism:classification="U" ism:ownerProducer="USA" deprecated="false">
            <Value ism:classification="U" ism:ownerProducer="USA">HCS</Value>
            <ddms:description ism:classification="U" ism:ownerProducer="USA">HCS</ddms:description>
        </Term>
        <Term ism:classification="U" ism:ownerProducer="USA" deprecated="false">
            <Value ism:classification="U" ism:ownerProducer="USA">SI</Value>
            <ddms:description ism:classification="U" ism:ownerProducer="USA">COMINT</ddms:description>
        </Term>
        <Term ism:classification="U" ism:ownerProducer="USA" deprecated="false">
            <Value ism:classification="U" ism:ownerProducer="USA">SI-G</Value>
            <ddms:description ism:classification="U" ism:ownerProducer="USA">SI-GAMMA</ddms:description>
        </Term>
        <Term ism:classification="U" ism:ownerProducer="USA" deprecated="false">
            <Value ism:classification="U" ism:ownerProducer="USA" regularExpression="true">SI-G-[A-Z][A-Z][A-Z][A-Z]</Value>
            <ddms:description ism:classification="U" ism:ownerProducer="USA">G-AAAA, AAAA represents 4 alpha characters to indicate sub Gamma compartments</ddms:description>
        </Term>
        <Term ism:classification="U" ism:ownerProducer="USA" deprecated="false">
            <Value ism:classification="U" ism:ownerProducer="USA" regularExpression="true">SI-ECI-[A-Z][A-Z][A-Z]</Value>
            <ddms:description ism:classification="U" ism:ownerProducer="USA">ECI-AAA, AAA represents 3 alpha characters to indicate ECI compartments</ddms:description>
        </Term>
        <Term ism:classification="U" ism:ownerProducer="USA" deprecated="false">
            <Value ism:classification="U" ism:ownerProducer="USA">TK</Value>
            <ddms:description ism:classification="U" ism:ownerProducer="USA">TALENT KEYHOLE</ddms:description>
        </Term>
        
    </cve:Enumeration>
    
</cve:CVE>
