<?xml version="1.0" encoding="UTF-8"?>
<!-- edited by Eric Hughes 1 July 2011 to make DDMS 3.1 compliant -->
<!-- edited with XMLSPY v5 rel. 4 U (http://www.xmlspy.com) by Paul Lunceford 1/21/2010 to make DDMS 3.0 compliant (FGM, INC.) -->
<!-- edited with XMLSPY v5 rel. 4 U (http://www.xmlspy.com) by Joseph Pantella (FGM, INC.) -->
<!--Sample XML file generated by XMLSPY v5 rel. 4 U (http://www.xmlspy.com)-->
<ddms:Resource xmlns:ddms="http://metadata.dod.mil/mdr/ns/DDMS/3.1/"
			xmlns:ICISM="urn:us:gov:ic:ism"
			xmlns:gml="http://www.opengis.net/gml/3.2"
			xmlns:xsi="http://www.w3.org/2001/XMLSchema-instance"
			xsi:schemaLocation="http://metadata.dod.mil/mdr/ns/DDMS/3.1/ ../schemas/3.1/DDMS/ddms.xsd"
			ICISM:resourceElement="true" ICISM:DESVersion="5" ICISM:createDate="2010-01-21" ICISM:classification="U" ICISM:ownerProducer="AUS GBR USA">
	<ddms:identifier ddms:qualifier="http://metadata.dod.mil/mdr/ns/MDR/0.1/MDR.owl#URI" ddms:value="http://www.defenselink.mil/news/May2004/n05172004_200405174.html"/>
	<ddms:title ICISM:classification="U" ICISM:ownerProducer="AUS GBR USA">Roadside Bomb Releases Sarin Gas in Baghdad</ddms:title>
	<ddms:description ICISM:classification="U" ICISM:ownerProducer="AUS GBR USA">A roadside bomb containing the nerve agent sarin — a substance Saddam Hussein's regime insisted it had destroyed more than a decade ago — exploded near a U.S. military convoy traveling near Baghdad, coalition officials said today.</ddms:description>
	<ddms:language ddms:qualifier="http://metadata.dod.mil/mdr/ns/ExtStd/iso_639-2b.owl#en" ddms:value="en"/>
	<ddms:dates ddms:posted="2004-08-16"/>
	<ddms:rights ddms:copyright="true" ddms:privacyAct="false" ddms:intellectualProperty="true"/>
	<ddms:creator ICISM:classification="U" ICISM:ownerProducer="AUS GBR USA">
		<ddms:Person>
			<ddms:name>Donna Miles</ddms:name>
			<ddms:surname>Miles</ddms:surname>
			<ddms:affiliation>American Forces Press Service</ddms:affiliation>
		</ddms:Person>
	</ddms:creator>
	<ddms:publisher ICISM:classification="U" ICISM:ownerProducer="AUS GBR USA">
		<ddms:Organization>
			<ddms:name>American Forces Press Service</ddms:name>
		</ddms:Organization>
	</ddms:publisher>
	<ddms:format>
		<ddms:Media>
			<ddms:mimeType>text/pdf</ddms:mimeType>
			<ddms:extent ddms:qualifier="http://metadata.dod.mil/mdr/ns/UnitOfMeasure/0.1/ComputerStorage.owl#byte" ddms:value="299000"/>
			<ddms:medium>digital</ddms:medium>
		</ddms:Media>
	</ddms:format>
	<ddms:subjectCoverage>
		<ddms:Subject>
			<ddms:category ddms:qualifier="http://metadata.dod.mil/mdr/ns/TaxFG/0.75c/Core_Tax_0.75c.owl#Terrorist_event " ddms:code="Terrorism_Event" ddms:label="Terrorism Event"/>
			<ddms:category ddms:qualifier="http://metadata.dod.mil/mdr/ns/DomainSets/1.0/GOP_biofeature_agent_type.owl#_21" ddms:code="_21" ddms:label="NERVE SARIN"/>
			<ddms:category ddms:qualifier="http://metadata.dod.mil/mdr/ns/DomainSets/1.0/GMI_TargetSystemType.owl#WMD" ddms:code="WMD" ddms:label="Weapons of Mass Destruction"/>
		</ddms:Subject>
	</ddms:subjectCoverage>
	<ddms:temporalCoverage>
		<ddms:TimePeriod>
			<ddms:start>2004-05-17</ddms:start>
			<ddms:end>2004-05-17</ddms:end>
		</ddms:TimePeriod>
	</ddms:temporalCoverage>
	<ddms:geospatialCoverage>
		<ddms:GeospatialExtent>
			<ddms:geographicIdentifier>
				<ddms:name>Iraq</ddms:name>
				<ddms:countryCode ddms:value="IZ" ddms:qualifier="http://metadata.dod.mil/mdr/ns/ExtStd/1.0/FIPS10-4-2.owl#IZ"/>
			</ddms:geographicIdentifier>
			<!-- This boundingGeometry creates a box around Baghdad using the WGS-84 Coordinate Reference System. The "srsDimension" attribute indicates the length of coordinate sequence (the number of entries in the list), i.e. the number of components in the tuple, here 2. The "count" attribute specifies the number of direct positions in the list, here 5. -->
			<ddms:boundingGeometry>
				<gml:Polygon gml:id="BGE-1" srsName="http://metadata.dod.mil/mdr/ns/GSIP/crs/WGS84E_2D">
					<gml:exterior>
						<gml:LinearRing>
							<gml:pos>34.0 44.0</gml:pos>
							<gml:pos>33.0 44.0</gml:pos>
							<gml:pos>33.0 45.0</gml:pos>
							<gml:pos>34.0 45.0</gml:pos>
							<gml:pos>34.0 44.0</gml:pos>
						</gml:LinearRing>
					</gml:exterior>
				</gml:Polygon>
			</ddms:boundingGeometry>
		</ddms:GeospatialExtent>
	</ddms:geospatialCoverage>
	<ddms:security ICISM:excludeFromRollup="true" ICISM:classification="U" ICISM:ownerProducer="AUS GBR USA"/>
</ddms:Resource>
